archive_path,source_path,size_bytes,sha256,reason,release
.gitattributes,.gitattributes,182,4a95ac096be33914363482f24f305908d0640051e5673ee4ac99ff5da357bc35,retained public benchmark artifact,2026-05-26-initial-pack
.gitignore,.gitignore,55,416a16c7b88070e532a0aba0ade265b519c0f411d5b8c3cd635282bf39a1b20d,public release metadata and provenance,2026-09-29-refresh
CURRENT_RELEASE.md,CURRENT_RELEASE.md,2344,431b1c680a7cd26e2da2be49bdb7be5d386a5e97cd65abfe667679ff864f2894,public release metadata and provenance,2026-09-29-refresh
EXCLUDED_PATTERNS.md,EXCLUDED_PATTERNS.md,926,750407b24755402d846f39eb95e7e40f12691f112526af5ab74229c70d57969e,public release metadata and provenance,2026-09-29-refresh
LICENSE,LICENSE,11357,c71d239df91726fc519c6eb72d318ec65820627232b2f796219e87dcf35d0ab4,retained public benchmark artifact,2026-05-26-initial-pack
README.md,README.md,5314,3ecf6ec79f7d3f9aa655bea42e4362e2fa21d50bfc9dd7539f992b0cbbf225d2,project frontmatter / build metadata,2026-09-29-refresh
cohorts/stayflow-tier-b-model-tier-f.yaml,cohorts/stayflow-tier-b-model-tier-f.yaml,4521,3a815e454b0baec8ba04c82dec1e4b77d0110736febac6b846f6b760dac393d6,top-level cohort configs,2026-05-26-initial-pack
cohorts/stayflow-tier-b-model-tier-m.yaml,cohorts/stayflow-tier-b-model-tier-m.yaml,4034,7fda7e1ec530af5b18d3ce763dcca9f92bb757d74c3c28948bc0bbe943155907,top-level cohort configs,2026-05-26-initial-pack
cohorts/stayflow-tier-b-model-tier-t.yaml,cohorts/stayflow-tier-b-model-tier-t.yaml,4126,68b32a6bf71ab4c85ae10e52618aff1600903bc477c07f0e06dd797f15906d6e,top-level cohort configs,2026-05-26-initial-pack
detoxbench/__init__.py,detoxbench/__init__.py,122,e6af220076f5c87701e5ad26105d2ba82d19251dbda92f15067a38f525c26c72,core ConformWeb evaluator/compiler source,2026-05-26-initial-pack
detoxbench/__main__.py,detoxbench/__main__.py,91,ca42b75d38778cc2687f72207692ccbd9d642c04863e30f74c507277bbe7ddd0,core ConformWeb evaluator/compiler source,2026-05-26-initial-pack
detoxbench/cli.py,detoxbench/cli.py,13289,e3faf64d3fd1ba721896f2bf4c0514e02f185859e90ebd05b40bccdc9f94a399,core ConformWeb evaluator/compiler source,2026-05-26-initial-pack
detoxbench/cohorts.py,detoxbench/cohorts.py,3900,59fe7c36bf87c5f52d98a4ae6e78dd1feea498abce0568b1da94a1c1080eaca4,core ConformWeb evaluator/compiler source,2026-05-26-initial-pack
detoxbench/core/__init__.py,detoxbench/core/__init__.py,55,93d9c5f63fc5828c26205a25138104e6853b662179dc92ff4250380c388453e1,core ConformWeb evaluator/compiler source,2026-05-26-initial-pack
detoxbench/core/assertions.py,detoxbench/core/assertions.py,59676,ce9e35b515abe700fc68b4bd1cd17fb35401274d305e69960ff1ef802595ece0,core ConformWeb evaluator/compiler source,2026-05-26-initial-pack
detoxbench/core/logging.py,detoxbench/core/logging.py,680,365568c26799b651aa55bc485dd801426020fbe29aedb4964deadb2e3e1cac00,core ConformWeb evaluator/compiler source,2026-05-26-initial-pack
detoxbench/core/models.py,detoxbench/core/models.py,16165,aed560cb70045e360775da4facc5c4bcb9cd996521aecbcd53edee854990ca3f,core ConformWeb evaluator/compiler source,2026-05-26-initial-pack
detoxbench/core/state.py,detoxbench/core/state.py,760,112e10e703caedeb33fa39ce85a6c6cc4e58bcb42f8731d9aa98ca985f091b9b,core ConformWeb evaluator/compiler source,2026-05-26-initial-pack
detoxbench/core/templates.py,detoxbench/core/templates.py,1446,c4499172aa468a96ce7b8c20a91eb73b8ea3ad59bc22c79e3c831fda5e05fd35,core ConformWeb evaluator/compiler source,2026-05-26-initial-pack
detoxbench/core/yaml_loader.py,detoxbench/core/yaml_loader.py,433,1d64442b2f04d21156b0f2ac1abe0bf3763f4b5e1c75d00bdae3667af97dec96,core ConformWeb evaluator/compiler source,2026-05-26-initial-pack
detoxbench/dashboard.py,detoxbench/dashboard.py,44738,b81da84d492b444a40d4e89968ee63dc21505ea8df60b4de5aa49d65869a3ed6,core ConformWeb evaluator/compiler source,2026-05-26-initial-pack
detoxbench/dashboard_template.html,detoxbench/dashboard_template.html,46419,4a6ac65ef4796148851fae0eb472a3cb5750db89e5aab2c0d2b2c03ac7d457be,core ConformWeb evaluator/compiler source,2026-05-26-initial-pack
detoxbench/dsl/__init__.py,detoxbench/dsl/__init__.py,883,a297d48e62292b7872c08a59c063a3f7d0eeddb54d1b5d5750c861d213eb7ac4,core ConformWeb evaluator/compiler source,2026-05-26-initial-pack
detoxbench/dsl/compiler.py,detoxbench/dsl/compiler.py,172480,1731a55e2b77b9c745f5b23fd15005db1b06c77c0654582970df3bc9b7aacafe,core ConformWeb evaluator/compiler source,2026-05-26-initial-pack
detoxbench/dsl/scenario_sets.py,detoxbench/dsl/scenario_sets.py,5256,10bfbd96d4491bc14e9ba1e2cb56cd6cffd8deec901f6b9bc9b6fccd5f89cb93,core ConformWeb evaluator/compiler source,2026-05-26-initial-pack
detoxbench/dsl/web_bridge.py,detoxbench/dsl/web_bridge.py,19551,b2d32d1db78c8e47cc262efacd24f23fa6517dbf0564159ef8ace3d0ab0c139b,core ConformWeb evaluator/compiler source,2026-05-26-initial-pack
detoxbench/gallery.py,detoxbench/gallery.py,11687,6aa64e76e2593d5e6cfbbf6e93404fe438aa48fff666e3f19fc84d6396894830,core ConformWeb evaluator/compiler source,2026-05-26-initial-pack
detoxbench/known_bad.py,detoxbench/known_bad.py,5229,5957db29851bbf6daed1af080c0fb3edff7da325d5ce7ec61692a750df3cff10,core ConformWeb evaluator/compiler source,2026-05-26-initial-pack
detoxbench/web/__init__.py,detoxbench/web/__init__.py,35,392f9362753cd6b48e9d8da1e2f2358a766503b0a7396da5b46d6fa9d264c89b,core ConformWeb evaluator/compiler source,2026-05-26-initial-pack
detoxbench/web/evaluator.py,detoxbench/web/evaluator.py,22811,28992bf3ac3852c59e88dd207a247a29a7446a47553b4119a9a656b12d719c0b,core ConformWeb evaluator/compiler source,2026-05-26-initial-pack
detoxbench/web/local_server.py,detoxbench/web/local_server.py,1715,0b84635716f4d3a67bbc2faf193f09c3d992bf5a6e6923484cb4b7a9baefa1ef,core ConformWeb evaluator/compiler source,2026-05-26-initial-pack
docs/architecture.md,docs/architecture.md,7053,30c940d5f010ae7d154b8d9e802b56e96851554b3222e3e14c80c642dbab4ea5,project design documentation,2026-05-26-initial-pack
docs/authoring.md,docs/authoring.md,15719,b695b92de7643bbd7ee63c245b6fe4edfef7d319359045a6c71376ebb0b717bb,project design documentation,2026-05-26-initial-pack
docs/candidate-workflow.md,docs/candidate-workflow.md,7113,63ff4ddaec49feb8200bca63496f1ebb9aa47aa797bbe4ac25f792f337f0d401,project design documentation,2026-05-26-initial-pack
docs/dashboard.md,docs/dashboard.md,2857,78f55ddbce85971936dc844f82cac41e15e0a5ee9b81a20c92937cb2f03fe80c,project design documentation,2026-05-26-initial-pack
docs/dsl-v3-roadmap.md,docs/dsl-v3-roadmap.md,5250,e3b67b52856b9342fdff5eb1de7f30bb7743f588a0208ebe466684f98d34e061,project design documentation,2026-05-26-initial-pack
docs/evaluator-stabilization.md,docs/evaluator-stabilization.md,5798,d5ebf7a497c8724dead5bbfba8e8b498eb83381392cd91f198eb09ed8823e03b,project design documentation,2026-05-26-initial-pack
docs/maturity.md,docs/maturity.md,15776,65313751ba32dce99bad9dbb3a6d31103faccbf5e9ab97f2304e12c223c59e99,project design documentation,2026-05-26-initial-pack
docs/model-tiers.md,docs/model-tiers.md,1630,08b4763b4ccd5c2b87824d793d7fd1be2abc49f2c773204203053162124026bd,project design documentation,2026-05-26-initial-pack
docs/paper-execution-plan.md,docs/paper-execution-plan.md,10691,4243ad7434be178df1dc01f95a1ae03a61d20bb8d6a0b51d121f40e4a5e2d035,project design documentation,2026-05-26-initial-pack
docs/paper-target-development-method.md,docs/paper-target-development-method.md,6734,b28b50738a1981345d50a0ccd08bf134215309aa1cc0395ca8158336a59f592e,project design documentation,2026-05-26-initial-pack
docs/philosophy.md,docs/philosophy.md,6925,d594928f45944f94f52d4c24a065c240915099c1e3174d846e7b2a989bc30b74,project design documentation,2026-05-26-initial-pack
docs/release-governance.md,docs/release-governance.md,4251,bb45956ca84d72872bb52a7f36d160e11bf09b5dc03756240b301c102c41a77a,project design documentation,2026-05-26-initial-pack
docs/scenario-difficulty-tiers.md,docs/scenario-difficulty-tiers.md,6149,11d3109eb87c0f2666c588767e0272d1346b14cc8b6121957b645db4e17e3da7,project design documentation,2026-05-26-initial-pack
pyproject.toml,pyproject.toml,646,f2313846bbbfa11368c5f576fadbc21f1e4772aec755d5151f9d7867a51fcbba,project frontmatter / build metadata,2026-05-26-initial-pack
reports/conformweb_visualizations/README.md,reports/conformweb_visualizations/README.md,2649,747d4371e41c130083d625d878fae43a257e82d24d3e71befd160819af13400d,paper report / audit note,2026-05-26-initial-pack
reports/conformweb_visualizations/contract_pack/20260517/behavioral_contract_language_spec.md,reports/conformweb_visualizations/contract_pack/20260517/behavioral_contract_language_spec.md,15440,d4774da5d214da1a839fc7e70d6b4904ea698de913d40d24724a13a522af9e1f,contract language spec / contract pack manifest,2026-05-26-initial-pack
reports/conformweb_visualizations/contract_pack/20260517/combined/campus_registrar_command/tier_a/contract.dsl.yaml,reports/conformweb_visualizations/contract_pack/20260517/combined/campus_registrar_command/tier_a/contract.dsl.yaml,20116,2cf53e289eaadc6b7e79746bd51018d136eae7ea1bf82699c9b962e557e30f3c,combined contract/scenario pack,2026-05-26-initial-pack
reports/conformweb_visualizations/contract_pack/20260517/combined/campus_registrar_command/tier_a/scenarios.private.dsl.yaml,reports/conformweb_visualizations/contract_pack/20260517/combined/campus_registrar_command/tier_a/scenarios.private.dsl.yaml,4437,e04a07d138e7a5790da67a5bd0b8269fa12bae51b79b0dbaf5edd527b4091d0f,combined contract/scenario pack,2026-05-26-initial-pack
reports/conformweb_visualizations/contract_pack/20260517/combined/campus_registrar_command/tier_a/scenarios.public.dsl.yaml,reports/conformweb_visualizations/contract_pack/20260517/combined/campus_registrar_command/tier_a/scenarios.public.dsl.yaml,6336,371fe88111eb985dc1d03c57750691bedbd280287bd23049d2b3d504d2b782a4,combined contract/scenario pack,2026-05-26-initial-pack
reports/conformweb_visualizations/contract_pack/20260517/combined/campus_registrar_command/tier_b/contract.dsl.yaml,reports/conformweb_visualizations/contract_pack/20260517/combined/campus_registrar_command/tier_b/contract.dsl.yaml,32275,bcd107f092405d92fb9184d79d1a274ff095f9311c9e0ee171620c2a9c329602,combined contract/scenario pack,2026-05-26-initial-pack
reports/conformweb_visualizations/contract_pack/20260517/combined/campus_registrar_command/tier_b/scenarios.public.dsl.yaml,reports/conformweb_visualizations/contract_pack/20260517/combined/campus_registrar_command/tier_b/scenarios.public.dsl.yaml,9587,402891f2629b1a897319845515e0b8fb880361375fdfb95b6a29b2d31baa9862,combined contract/scenario pack,2026-05-26-initial-pack
reports/conformweb_visualizations/contract_pack/20260517/combined/campus_registrar_command/tier_c/contract.dsl.yaml,reports/conformweb_visualizations/contract_pack/20260517/combined/campus_registrar_command/tier_c/contract.dsl.yaml,49798,a6c78589467eaf9d1abfb174a65f6be64734487bcdb1448433913333b47d40ee,combined contract/scenario pack,2026-05-26-initial-pack
reports/conformweb_visualizations/contract_pack/20260517/combined/campus_registrar_command/tier_c/scenarios.private.dsl.yaml,reports/conformweb_visualizations/contract_pack/20260517/combined/campus_registrar_command/tier_c/scenarios.private.dsl.yaml,26568,fddf25a3323f874d40544a4f404f767a162f59a70b2eca370b93b08224a95683,combined contract/scenario pack,2026-05-26-initial-pack
reports/conformweb_visualizations/contract_pack/20260517/combined/campus_registrar_command/tier_c/scenarios.public.dsl.yaml,reports/conformweb_visualizations/contract_pack/20260517/combined/campus_registrar_command/tier_c/scenarios.public.dsl.yaml,19493,626457d04b4568d24bf3b1af232e1b3c7d793bfb7b64bdf0a4b05bf8aaf586d9,combined contract/scenario pack,2026-05-26-initial-pack
reports/conformweb_visualizations/contract_pack/20260517/combined/campus_registrar_command/tier_d/contract.dsl.yaml,reports/conformweb_visualizations/contract_pack/20260517/combined/campus_registrar_command/tier_d/contract.dsl.yaml,59831,8a1400bceb999ad9f388c7d6283972856e446e62e6cf7849d68528f072071270,combined contract/scenario pack,2026-05-26-initial-pack
reports/conformweb_visualizations/contract_pack/20260517/combined/campus_registrar_command/tier_d/scenarios.private.dsl.yaml,reports/conformweb_visualizations/contract_pack/20260517/combined/campus_registrar_command/tier_d/scenarios.private.dsl.yaml,19841,3830b423a97ac1da2e480adc4f006ff106c241214a55011713f9a5756138ba00,combined contract/scenario pack,2026-05-26-initial-pack
reports/conformweb_visualizations/contract_pack/20260517/combined/campus_registrar_command/tier_d/scenarios.public.dsl.yaml,reports/conformweb_visualizations/contract_pack/20260517/combined/campus_registrar_command/tier_d/scenarios.public.dsl.yaml,26942,b68045f9a7ae88b84be464ec33bf0d85f7c31e1796a59187d7df9d11db28bf4b,combined contract/scenario pack,2026-05-26-initial-pack
reports/conformweb_visualizations/contract_pack/20260517/combined/clinic_shift_command/tier_a/contract.dsl.yaml,reports/conformweb_visualizations/contract_pack/20260517/combined/clinic_shift_command/tier_a/contract.dsl.yaml,24433,61f09ea285ecb26d2b836eea1c77bc712439f5a07aa13ee4df2d430a833575d6,combined contract/scenario pack,2026-05-26-initial-pack
reports/conformweb_visualizations/contract_pack/20260517/combined/clinic_shift_command/tier_a/scenarios.private.dsl.yaml,reports/conformweb_visualizations/contract_pack/20260517/combined/clinic_shift_command/tier_a/scenarios.private.dsl.yaml,8568,51f8c3005bafab8775c83273cb36015ace3c68427d196a3c34b97a9860b54665,combined contract/scenario pack,2026-05-26-initial-pack
reports/conformweb_visualizations/contract_pack/20260517/combined/clinic_shift_command/tier_a/scenarios.public.dsl.yaml,reports/conformweb_visualizations/contract_pack/20260517/combined/clinic_shift_command/tier_a/scenarios.public.dsl.yaml,4268,0076212590ea4ecd60e97d903f7daa81f03b95098ef1732c9599b620656f6762,combined contract/scenario pack,2026-05-26-initial-pack
reports/conformweb_visualizations/contract_pack/20260517/combined/clinic_shift_command/tier_b/contract.dsl.yaml,reports/conformweb_visualizations/contract_pack/20260517/combined/clinic_shift_command/tier_b/contract.dsl.yaml,40928,5ca796e2025bc295bd2155de21ebf827dd2168066aa621b6babfbf78ad8331e4,combined contract/scenario pack,2026-05-26-initial-pack
reports/conformweb_visualizations/contract_pack/20260517/combined/clinic_shift_command/tier_b/scenarios.private.dsl.yaml,reports/conformweb_visualizations/contract_pack/20260517/combined/clinic_shift_command/tier_b/scenarios.private.dsl.yaml,16422,db3939c192d70d5d97a068e81a23c9602466e457cb78de5a8baab856de93096b,combined contract/scenario pack,2026-05-26-initial-pack
reports/conformweb_visualizations/contract_pack/20260517/combined/clinic_shift_command/tier_b/scenarios.public.dsl.yaml,reports/conformweb_visualizations/contract_pack/20260517/combined/clinic_shift_command/tier_b/scenarios.public.dsl.yaml,7655,e17bc9b405d80353b55e2a21af29edfc719205dbc984370e6c863ef9a036f2b1,combined contract/scenario pack,2026-05-26-initial-pack
reports/conformweb_visualizations/contract_pack/20260517/combined/clinic_shift_command/tier_c/contract.dsl.yaml,reports/conformweb_visualizations/contract_pack/20260517/combined/clinic_shift_command/tier_c/contract.dsl.yaml,70401,12ac9a8e6893701128d022f1610fe7ee0db8199af88de79584cd5e8c93426987,combined contract/scenario pack,2026-05-26-initial-pack
reports/conformweb_visualizations/contract_pack/20260517/combined/clinic_shift_command/tier_c/scenarios.private.dsl.yaml,reports/conformweb_visualizations/contract_pack/20260517/combined/clinic_shift_command/tier_c/scenarios.private.dsl.yaml,37812,7b325a19a9e516330f095196d7aa7380b1540b03dfeed22b2a96380141968677,combined contract/scenario pack,2026-05-26-initial-pack
reports/conformweb_visualizations/contract_pack/20260517/combined/clinic_shift_command/tier_c/scenarios.public.dsl.yaml,reports/conformweb_visualizations/contract_pack/20260517/combined/clinic_shift_command/tier_c/scenarios.public.dsl.yaml,14760,de538fd773a8b6e850e5b58b0b094db32513a82a31a4bc6d84d05b028b1157c1,combined contract/scenario pack,2026-05-26-initial-pack
reports/conformweb_visualizations/contract_pack/20260517/combined/clinic_shift_command/tier_d/contract.dsl.yaml,reports/conformweb_visualizations/contract_pack/20260517/combined/clinic_shift_command/tier_d/contract.dsl.yaml,75215,c520140d6d02a110d1808ede103c85fdab1b08060fbf76469d9e050579d42ea7,combined contract/scenario pack,2026-05-26-initial-pack
reports/conformweb_visualizations/contract_pack/20260517/combined/clinic_shift_command/tier_d/scenarios.private.dsl.yaml,reports/conformweb_visualizations/contract_pack/20260517/combined/clinic_shift_command/tier_d/scenarios.private.dsl.yaml,46802,379ed30a5f307af432ce188c568801e6233faf1e7e8ae8348c01b801291930a3,combined contract/scenario pack,2026-05-26-initial-pack
reports/conformweb_visualizations/contract_pack/20260517/combined/clinic_shift_command/tier_d/scenarios.public.dsl.yaml,reports/conformweb_visualizations/contract_pack/20260517/combined/clinic_shift_command/tier_d/scenarios.public.dsl.yaml,15538,9aab9ed6b89388be006832c55ec30e2315d282801082f69fa6d5bdbe8faf9efb,combined contract/scenario pack,2026-05-26-initial-pack
reports/conformweb_visualizations/contract_pack/20260517/combined/freshcart_market/tier_a/contract.dsl.yaml,reports/conformweb_visualizations/contract_pack/20260517/combined/freshcart_market/tier_a/contract.dsl.yaml,22921,7731bf4475277942ed3e6c5023ddb2e41be8f88996731d000a98ef0f38fd4f3a,combined contract/scenario pack,2026-05-26-initial-pack
reports/conformweb_visualizations/contract_pack/20260517/combined/freshcart_market/tier_a/scenarios.private.dsl.yaml,reports/conformweb_visualizations/contract_pack/20260517/combined/freshcart_market/tier_a/scenarios.private.dsl.yaml,10980,4def94720711c8805f0fb66ae07959eac272e22344612dbea8972248bb9e3d41,combined contract/scenario pack,2026-05-26-initial-pack
reports/conformweb_visualizations/contract_pack/20260517/combined/freshcart_market/tier_a/scenarios.public.dsl.yaml,reports/conformweb_visualizations/contract_pack/20260517/combined/freshcart_market/tier_a/scenarios.public.dsl.yaml,2746,629a609fe223672d94c9665cd407ac031fa2dbd13c3c3b6987e0a32dee0c084b,combined contract/scenario pack,2026-05-26-initial-pack
reports/conformweb_visualizations/contract_pack/20260517/combined/freshcart_market/tier_b/contract.dsl.yaml,reports/conformweb_visualizations/contract_pack/20260517/combined/freshcart_market/tier_b/contract.dsl.yaml,39551,1c2fc7ff51a55b79f600181f5562c7e3fc3a3cb1342e3847618d74c4670fcb7e,combined contract/scenario pack,2026-05-26-initial-pack
reports/conformweb_visualizations/contract_pack/20260517/combined/freshcart_market/tier_b/scenarios.private.dsl.yaml,reports/conformweb_visualizations/contract_pack/20260517/combined/freshcart_market/tier_b/scenarios.private.dsl.yaml,17413,82910b56f692f1d02d6aaf4e56b073e0f4fcbe735d1e3e9e3c9995cc92936bca,combined contract/scenario pack,2026-05-26-initial-pack
reports/conformweb_visualizations/contract_pack/20260517/combined/freshcart_market/tier_b/scenarios.public.dsl.yaml,reports/conformweb_visualizations/contract_pack/20260517/combined/freshcart_market/tier_b/scenarios.public.dsl.yaml,3170,356346ab3306aec7205a9d9297ef9d37229d5cbb82b0b38c3e01c8a5c82dd64a,combined contract/scenario pack,2026-05-26-initial-pack
reports/conformweb_visualizations/contract_pack/20260517/combined/freshcart_market/tier_c/contract.dsl.yaml,reports/conformweb_visualizations/contract_pack/20260517/combined/freshcart_market/tier_c/contract.dsl.yaml,59408,c54b0365f9a7e935fc57bfafe2ebe3b00d467dcce7893b9486713f60480c7f2b,combined contract/scenario pack,2026-05-26-initial-pack
reports/conformweb_visualizations/contract_pack/20260517/combined/freshcart_market/tier_c/scenarios.private.dsl.yaml,reports/conformweb_visualizations/contract_pack/20260517/combined/freshcart_market/tier_c/scenarios.private.dsl.yaml,16384,d4092038e577c106d7ddb6a9f1eca0fa0b7a4accccb801ae1194e1565553a84c,combined contract/scenario pack,2026-05-26-initial-pack
reports/conformweb_visualizations/contract_pack/20260517/combined/freshcart_market/tier_c/scenarios.public.dsl.yaml,reports/conformweb_visualizations/contract_pack/20260517/combined/freshcart_market/tier_c/scenarios.public.dsl.yaml,5492,eea326382ebb3b4012d848798d28fe0bcd3ed09971eb2ba6d862b7f8eaa5397b,combined contract/scenario pack,2026-05-26-initial-pack
reports/conformweb_visualizations/contract_pack/20260517/combined/freshcart_market/tier_d/contract.dsl.yaml,reports/conformweb_visualizations/contract_pack/20260517/combined/freshcart_market/tier_d/contract.dsl.yaml,64617,2070bb3839063cb9fca31b342758f9b8c8511cb0f60a6ac9891893ad440de0eb,combined contract/scenario pack,2026-05-26-initial-pack
reports/conformweb_visualizations/contract_pack/20260517/combined/freshcart_market/tier_d/scenarios.private.dsl.yaml,reports/conformweb_visualizations/contract_pack/20260517/combined/freshcart_market/tier_d/scenarios.private.dsl.yaml,19165,70097bbe08098ee082ce842cbfe759df23c708761ea8f352c406c7ce588952ba,combined contract/scenario pack,2026-05-26-initial-pack
reports/conformweb_visualizations/contract_pack/20260517/combined/freshcart_market/tier_d/scenarios.public.dsl.yaml,reports/conformweb_visualizations/contract_pack/20260517/combined/freshcart_market/tier_d/scenarios.public.dsl.yaml,6189,ac20611608986326476b8c5f2c73c0f33a2fd6ff9dfc48dde2f12b450e446243,combined contract/scenario pack,2026-05-26-initial-pack
reports/conformweb_visualizations/contract_pack/20260517/combined/homefix_hub/tier_a/contract.dsl.yaml,reports/conformweb_visualizations/contract_pack/20260517/combined/homefix_hub/tier_a/contract.dsl.yaml,16456,2447139dee90fc72bc721e1022d2c5b4fd083d67b3a8dc2304ce5e5e7acd953b,combined contract/scenario pack,2026-05-26-initial-pack
reports/conformweb_visualizations/contract_pack/20260517/combined/homefix_hub/tier_a/scenarios.private.dsl.yaml,reports/conformweb_visualizations/contract_pack/20260517/combined/homefix_hub/tier_a/scenarios.private.dsl.yaml,4400,96b77170ea752dada595d713e62823b4d4e1fe2048ae0f2e2459ae18bce54212,combined contract/scenario pack,2026-05-26-initial-pack
reports/conformweb_visualizations/contract_pack/20260517/combined/homefix_hub/tier_a/scenarios.public.dsl.yaml,reports/conformweb_visualizations/contract_pack/20260517/combined/homefix_hub/tier_a/scenarios.public.dsl.yaml,6435,f4c76b173414464fb38ce3f0487a54da5e2686255d216f56a02c464aa4f5bf61,combined contract/scenario pack,2026-05-26-initial-pack
reports/conformweb_visualizations/contract_pack/20260517/combined/homefix_hub/tier_b/contract.dsl.yaml,reports/conformweb_visualizations/contract_pack/20260517/combined/homefix_hub/tier_b/contract.dsl.yaml,20406,29d7213397d4d5d5d86e3ea43410adc0f7d052c25542b66c22aa432f9da66df4,combined contract/scenario pack,2026-05-26-initial-pack
reports/conformweb_visualizations/contract_pack/20260517/combined/homefix_hub/tier_b/scenarios.private.dsl.yaml,reports/conformweb_visualizations/contract_pack/20260517/combined/homefix_hub/tier_b/scenarios.private.dsl.yaml,5703,eb8da063fe81fb7bef973c97a7cbdff535cd60737006bb3e7105fbbedd46a7cf,combined contract/scenario pack,2026-05-26-initial-pack
reports/conformweb_visualizations/contract_pack/20260517/combined/homefix_hub/tier_b/scenarios.public.dsl.yaml,reports/conformweb_visualizations/contract_pack/20260517/combined/homefix_hub/tier_b/scenarios.public.dsl.yaml,8124,524c14bfd1bfe53b14a1e730cdcddcca3a5d4b9d34bd72be2ade53422f63f42a,combined contract/scenario pack,2026-05-26-initial-pack
reports/conformweb_visualizations/contract_pack/20260517/combined/homefix_hub/tier_c/contract.dsl.yaml,reports/conformweb_visualizations/contract_pack/20260517/combined/homefix_hub/tier_c/contract.dsl.yaml,29209,892a722faa7d9c198d9004ddccaaf3f108cfa31f165045648fbf9722299d269d,combined contract/scenario pack,2026-05-26-initial-pack
reports/conformweb_visualizations/contract_pack/20260517/combined/homefix_hub/tier_c/scenarios.private.dsl.yaml,reports/conformweb_visualizations/contract_pack/20260517/combined/homefix_hub/tier_c/scenarios.private.dsl.yaml,27056,9c956b8bfc94c3f3618a2dca0765fa51337b2397be08d84c0bd5871938f10940,combined contract/scenario pack,2026-05-26-initial-pack
reports/conformweb_visualizations/contract_pack/20260517/combined/homefix_hub/tier_c/scenarios.public.dsl.yaml,reports/conformweb_visualizations/contract_pack/20260517/combined/homefix_hub/tier_c/scenarios.public.dsl.yaml,12380,7d0380fa5a393d4512bed5db6239975687f8a6172df1f9d8c3ce3b2c8ccf6709,combined contract/scenario pack,2026-05-26-initial-pack
reports/conformweb_visualizations/contract_pack/20260517/combined/homefix_hub/tier_d/contract.dsl.yaml,reports/conformweb_visualizations/contract_pack/20260517/combined/homefix_hub/tier_d/contract.dsl.yaml,36524,0e8183ca979023b5831861f49374ee02970bd4dde83ae481bc9cee669a80877a,combined contract/scenario pack,2026-05-26-initial-pack
reports/conformweb_visualizations/contract_pack/20260517/combined/homefix_hub/tier_d/scenarios.private.dsl.yaml,reports/conformweb_visualizations/contract_pack/20260517/combined/homefix_hub/tier_d/scenarios.private.dsl.yaml,53348,cc7e2dfc741de0009311901b96e32155864e3a699b550ade51849bfaf5a992fb,combined contract/scenario pack,2026-05-26-initial-pack
reports/conformweb_visualizations/contract_pack/20260517/combined/homefix_hub/tier_d/scenarios.public.dsl.yaml,reports/conformweb_visualizations/contract_pack/20260517/combined/homefix_hub/tier_d/scenarios.public.dsl.yaml,10661,c3be7f447171313e2533311fdf0666953d5482a120c8a5a4a761bcbab2c53ea3,combined contract/scenario pack,2026-05-26-initial-pack
reports/conformweb_visualizations/contract_pack/20260517/combined/manifest.csv,reports/conformweb_visualizations/contract_pack/20260517/combined/manifest.csv,17203,f3ff635441e33672a501aad8dd6b889a13d6f890ec41396580863dbeebbd877b,combined contract/scenario pack,2026-05-26-initial-pack
reports/conformweb_visualizations/contract_pack/20260517/combined/media_campaign_launch_desk/tier_a/contract.dsl.yaml,reports/conformweb_visualizations/contract_pack/20260517/combined/media_campaign_launch_desk/tier_a/contract.dsl.yaml,19901,ca175d2cb0613922bd0c1139702f2686f1e5bdec21936f881c9de04032ec4680,combined contract/scenario pack,2026-05-26-initial-pack
reports/conformweb_visualizations/contract_pack/20260517/combined/media_campaign_launch_desk/tier_a/scenarios.private.dsl.yaml,reports/conformweb_visualizations/contract_pack/20260517/combined/media_campaign_launch_desk/tier_a/scenarios.private.dsl.yaml,5023,ad866689c42e477264ad895d44ca4afe8255b5eca8e4216b74a86060838b4ab4,combined contract/scenario pack,2026-05-26-initial-pack
reports/conformweb_visualizations/contract_pack/20260517/combined/media_campaign_launch_desk/tier_a/scenarios.public.dsl.yaml,reports/conformweb_visualizations/contract_pack/20260517/combined/media_campaign_launch_desk/tier_a/scenarios.public.dsl.yaml,6703,139b0e49d40c97592699a3c0d372236028c6a7551f0af279dd06dfc8b4b51b2a,combined contract/scenario pack,2026-05-26-initial-pack
reports/conformweb_visualizations/contract_pack/20260517/combined/media_campaign_launch_desk/tier_b/contract.dsl.yaml,reports/conformweb_visualizations/contract_pack/20260517/combined/media_campaign_launch_desk/tier_b/contract.dsl.yaml,26442,df4af6f1bb0378b9bb5c394dd506724fa5a0897fac62e5b9cec647b710ea02fa,combined contract/scenario pack,2026-05-26-initial-pack
reports/conformweb_visualizations/contract_pack/20260517/combined/media_campaign_launch_desk/tier_b/scenarios.public.dsl.yaml,reports/conformweb_visualizations/contract_pack/20260517/combined/media_campaign_launch_desk/tier_b/scenarios.public.dsl.yaml,11288,fadbe6d6854e19ca165399c5a430bee4f01f4d4f9ba8e71477d6dd4ab358ab4c,combined contract/scenario pack,2026-05-26-initial-pack
reports/conformweb_visualizations/contract_pack/20260517/combined/media_campaign_launch_desk/tier_c/contract.dsl.yaml,reports/conformweb_visualizations/contract_pack/20260517/combined/media_campaign_launch_desk/tier_c/contract.dsl.yaml,32653,6c4cd0066937174a5e58254c5b0bd9f41098dfca9145162724c65e3b3daddf38,combined contract/scenario pack,2026-05-26-initial-pack
reports/conformweb_visualizations/contract_pack/20260517/combined/media_campaign_launch_desk/tier_c/scenarios.private.dsl.yaml,reports/conformweb_visualizations/contract_pack/20260517/combined/media_campaign_launch_desk/tier_c/scenarios.private.dsl.yaml,17395,85f78aabe7963376f536d2fe96d27316a501cc99cb313d49a0af2c1dd755f590,combined contract/scenario pack,2026-05-26-initial-pack
reports/conformweb_visualizations/contract_pack/20260517/combined/media_campaign_launch_desk/tier_c/scenarios.public.dsl.yaml,reports/conformweb_visualizations/contract_pack/20260517/combined/media_campaign_launch_desk/tier_c/scenarios.public.dsl.yaml,24318,fcdad11764ae7d81d01f677a05bb07ce6ae9d37a0cd79d1364b817367da63d20,combined contract/scenario pack,2026-05-26-initial-pack
reports/conformweb_visualizations/contract_pack/20260517/combined/media_campaign_launch_desk/tier_d/contract.dsl.yaml,reports/conformweb_visualizations/contract_pack/20260517/combined/media_campaign_launch_desk/tier_d/contract.dsl.yaml,48537,42eb5c6bc5026bb7b80f66eb447ac06749df7147a1b77e3f27550de14e9bfab7,combined contract/scenario pack,2026-05-26-initial-pack
reports/conformweb_visualizations/contract_pack/20260517/combined/media_campaign_launch_desk/tier_d/scenarios.private.dsl.yaml,reports/conformweb_visualizations/contract_pack/20260517/combined/media_campaign_launch_desk/tier_d/scenarios.private.dsl.yaml,37410,9b641f060fb59c10c5f64f04e9fa2c273111e13a8ec5cd61d5f7337b3fc5a108,combined contract/scenario pack,2026-05-26-initial-pack
reports/conformweb_visualizations/contract_pack/20260517/combined/media_campaign_launch_desk/tier_d/scenarios.public.dsl.yaml,reports/conformweb_visualizations/contract_pack/20260517/combined/media_campaign_launch_desk/tier_d/scenarios.public.dsl.yaml,23758,104a7fd19dba537a30171f90a30c060945da6760df87ad318162615112e50ea3,combined contract/scenario pack,2026-05-26-initial-pack
reports/conformweb_visualizations/contract_pack/20260517/combined/stayflow_concierge/tier_a/contract.dsl.yaml,reports/conformweb_visualizations/contract_pack/20260517/combined/stayflow_concierge/tier_a/contract.dsl.yaml,24244,a12917475ba512d78faa366a91ea82db50cd721993a7c4612d8907c61e962bb5,combined contract/scenario pack,2026-05-26-initial-pack
reports/conformweb_visualizations/contract_pack/20260517/combined/stayflow_concierge/tier_a/scenarios.private.dsl.yaml,reports/conformweb_visualizations/contract_pack/20260517/combined/stayflow_concierge/tier_a/scenarios.private.dsl.yaml,10750,8799598b4c7490048173bf51110c44b97156d38151989aee33bdcd03b75cb48c,combined contract/scenario pack,2026-05-26-initial-pack
reports/conformweb_visualizations/contract_pack/20260517/combined/stayflow_concierge/tier_a/scenarios.public.dsl.yaml,reports/conformweb_visualizations/contract_pack/20260517/combined/stayflow_concierge/tier_a/scenarios.public.dsl.yaml,2699,ef6f29966bb8dd16fd2039ed2908933645faddc22f52bae4c3ecd2cd50bbea9a,combined contract/scenario pack,2026-05-26-initial-pack
reports/conformweb_visualizations/contract_pack/20260517/combined/stayflow_concierge/tier_b/contract.dsl.yaml,reports/conformweb_visualizations/contract_pack/20260517/combined/stayflow_concierge/tier_b/contract.dsl.yaml,31563,299d717f6aa4924da07878908671f433217d4fd9aea31242a6f5a549d77b0a6d,combined contract/scenario pack,2026-05-26-initial-pack
reports/conformweb_visualizations/contract_pack/20260517/combined/stayflow_concierge/tier_b/scenarios.private.dsl.yaml,reports/conformweb_visualizations/contract_pack/20260517/combined/stayflow_concierge/tier_b/scenarios.private.dsl.yaml,13823,967f0fee8dfaaf099714fd12cd92ac06ef1b8692647b0bed7ebdea47273de53f,combined contract/scenario pack,2026-05-26-initial-pack
reports/conformweb_visualizations/contract_pack/20260517/combined/stayflow_concierge/tier_b/scenarios.public.dsl.yaml,reports/conformweb_visualizations/contract_pack/20260517/combined/stayflow_concierge/tier_b/scenarios.public.dsl.yaml,8895,a5ded8614eb88d986ef49ded442695f955d5ee95744f075e7f1e15dba0608fb4,combined contract/scenario pack,2026-05-26-initial-pack
reports/conformweb_visualizations/contract_pack/20260517/combined/stayflow_concierge/tier_c/contract.dsl.yaml,reports/conformweb_visualizations/contract_pack/20260517/combined/stayflow_concierge/tier_c/contract.dsl.yaml,40073,ec966d7134e2d797fd5953ab372742d1e46c493919285c16ab657fc2f4c28c8b,combined contract/scenario pack,2026-05-26-initial-pack
reports/conformweb_visualizations/contract_pack/20260517/combined/stayflow_concierge/tier_c/scenarios.private.dsl.yaml,reports/conformweb_visualizations/contract_pack/20260517/combined/stayflow_concierge/tier_c/scenarios.private.dsl.yaml,12826,79f2d921716370df44ecd03da473f1cc364385151d1ade459542cac9e389979d,combined contract/scenario pack,2026-05-26-initial-pack
reports/conformweb_visualizations/contract_pack/20260517/combined/stayflow_concierge/tier_c/scenarios.public.dsl.yaml,reports/conformweb_visualizations/contract_pack/20260517/combined/stayflow_concierge/tier_c/scenarios.public.dsl.yaml,12305,ef8d1b5311f57a2dd3ddc34c6826c1b1d6b6c495ec8bc28090999df99b0fe5ef,combined contract/scenario pack,2026-05-26-initial-pack
reports/conformweb_visualizations/contract_pack/20260517/combined/stayflow_concierge/tier_d/contract.dsl.yaml,reports/conformweb_visualizations/contract_pack/20260517/combined/stayflow_concierge/tier_d/contract.dsl.yaml,45331,cb7793eaec61c51b20f6d92460cf33bc288808f4586795d30dd40a4f3557a1d5,combined contract/scenario pack,2026-05-26-initial-pack
reports/conformweb_visualizations/contract_pack/20260517/combined/stayflow_concierge/tier_d/scenarios.private.dsl.yaml,reports/conformweb_visualizations/contract_pack/20260517/combined/stayflow_concierge/tier_d/scenarios.private.dsl.yaml,16175,2052a3374b5358d42f3a1621f229215a8d39e2fea0bba91ca61bd61b1f413b13,combined contract/scenario pack,2026-05-26-initial-pack
reports/conformweb_visualizations/contract_pack/20260517/combined/stayflow_concierge/tier_d/scenarios.public.dsl.yaml,reports/conformweb_visualizations/contract_pack/20260517/combined/stayflow_concierge/tier_d/scenarios.public.dsl.yaml,13039,79da48ecbe9f062bf53f73a44d25b25c9eb4ee0a4356358b9789c0d4c1c615a6,combined contract/scenario pack,2026-05-26-initial-pack
reports/conformweb_visualizations/contract_pack/20260517/manifest.csv,reports/conformweb_visualizations/contract_pack/20260517/manifest.csv,17203,f3ff635441e33672a501aad8dd6b889a13d6f890ec41396580863dbeebbd877b,contract language spec / contract pack manifest,2026-05-26-initial-pack
reports/conformweb_visualizations/contract_pack/20260517/manifest.md,reports/conformweb_visualizations/contract_pack/20260517/manifest.md,847,260b31bb7552104ecc0e48ee371c933cf0754dc1470f707a61279f8ad5542c31,contract language spec / contract pack manifest,2026-05-26-initial-pack
reports/conformweb_visualizations/data/main_group_tier_rollup_2160.csv,reports/conformweb_visualizations/data/main_group_tier_rollup_2160.csv,6943,d76162eaaa6324a12fac9d9b107a97888753d3398d9e3e4ec790e2fb49b100e1,final aggregate and raw trace CSVs used by figures/tables,2026-05-26-initial-pack
reports/conformweb_visualizations/data/main_instance_model_cells_2160.csv,reports/conformweb_visualizations/data/main_instance_model_cells_2160.csv,29570,70a9956f48c60aa510b22caedc57fa2557a6aa5499ad588ec6561777ad70a61b,final aggregate and raw trace CSVs used by figures/tables,2026-05-26-initial-pack
reports/conformweb_visualizations/data/main_missing_or_excluded_runs.csv,reports/conformweb_visualizations/data/main_missing_or_excluded_runs.csv,94,e7731eeae94e9c94f1ecac2906cff7db410c79a0daa5bcabb1fc6bea9d67ea06,final aggregate and raw trace CSVs used by figures/tables,2026-05-26-initial-pack
reports/conformweb_visualizations/data/main_model_rollup_complete.csv,reports/conformweb_visualizations/data/main_model_rollup_complete.csv,3556,60f6bd0ffbaa11e48dc96c69d7ee96db3cb18eaf5d4079ee9230a31a070b74b7,final aggregate and raw trace CSVs used by figures/tables,2026-05-26-initial-pack
reports/conformweb_visualizations/data/main_model_tier_rollup_complete.csv,reports/conformweb_visualizations/data/main_model_tier_rollup_complete.csv,4870,4a4e53df1d7873565db40197004e98b932590ee3e1337e0e90f040c668efcdc4,final aggregate and raw trace CSVs used by figures/tables,2026-05-26-initial-pack
reports/conformweb_visualizations/data/parse_errors.csv,reports/conformweb_visualizations/data/parse_errors.csv,1,01ba4719c80b6fe911b091a7c05124b64eeece964e09c058ef8f9805daca546b,final aggregate and raw trace CSVs used by figures/tables,2026-05-26-initial-pack
reports/conformweb_visualizations/data/raw_capability_scores.csv,reports/conformweb_visualizations/data/raw_capability_scores.csv,11278229,c2811237e299a84cc11f76d5bc8a26fddff4c1b9ae6dfe188ca89d8de335f5fb,final aggregate and raw trace CSVs used by figures/tables,2026-05-26-initial-pack
reports/conformweb_visualizations/data/raw_runs.csv,reports/conformweb_visualizations/data/raw_runs.csv,1640511,a5c96aa6a15ce5d966381c9adac13acfb0483ab3069ca7a9807e0c859f7b3ac6,final aggregate and raw trace CSVs used by figures/tables,2026-05-26-initial-pack
reports/conformweb_visualizations/data/raw_scenarios.csv,reports/conformweb_visualizations/data/raw_scenarios.csv,78803909,c8557ec814d8284a813fcf22c88b1219dd44800d970e49d124dc3d9de592c830,final aggregate and raw trace CSVs used by figures/tables,2026-05-26-initial-pack
reports/conformweb_visualizations/data/raw_steps.csv,reports/conformweb_visualizations/data/raw_steps.csv,633830917,c1716654f73aff4db878da2006edc2ece23176c1d56fad2d75789f766a00f633,final aggregate and raw trace CSVs used by figures/tables,2026-05-26-initial-pack
reports/conformweb_visualizations/data/report_model_tier_rollups.csv,reports/conformweb_visualizations/data/report_model_tier_rollups.csv,9006,957dfc5f51871e126f220c5d98c22587707d0ef7a27b48b787ae577929f97b0a,final aggregate and raw trace CSVs used by figures/tables,2026-05-26-initial-pack
reports/conformweb_visualizations/data/report_per_model_rollups.csv,reports/conformweb_visualizations/data/report_per_model_rollups.csv,12523,8bdfeb1c93458f89efbfcb0e5a70e0cb8afeb755dc43aeb0048c7e9837db26a9,final aggregate and raw trace CSVs used by figures/tables,2026-05-26-initial-pack
reports/conformweb_visualizations/data/report_tier_rollups.csv,reports/conformweb_visualizations/data/report_tier_rollups.csv,3164,413c4e41c739e17ab93860e40c59fb07e36a3c44715d688e45b82e143e1c2aea,final aggregate and raw trace CSVs used by figures/tables,2026-05-26-initial-pack
reports/conformweb_visualizations/data/rerun_available_model_rollups.csv,reports/conformweb_visualizations/data/rerun_available_model_rollups.csv,11450,bdb47268551ecad82b1b5cef0c77f51135f60b61202e226fd932a9eba8324f9c,final aggregate and raw trace CSVs used by figures/tables,2026-05-26-initial-pack
reports/conformweb_visualizations/data/suite_metrics.csv,reports/conformweb_visualizations/data/suite_metrics.csv,2543,dd971ed30b5b2de0269ff9eea3e40be5d416fdb2165512c5a0344afca32f10fa,final aggregate and raw trace CSVs used by figures/tables,2026-05-26-initial-pack
reports/conformweb_visualizations/evidence/failure_pairs/current_raw/current_raw_failure_evidence_candidates.csv,reports/conformweb_visualizations/evidence/failure_pairs/current_raw/current_raw_failure_evidence_candidates.csv,14636167,3c5b9e10b768853d9d8d7fb3aaf248bba3347f5f0085bf61f08471b65f81235a,qualitative evidence metadata only,2026-05-26-initial-pack
reports/conformweb_visualizations/evidence/failure_pairs/current_raw/current_raw_failure_evidence_selected.csv,reports/conformweb_visualizations/evidence/failure_pairs/current_raw/current_raw_failure_evidence_selected.csv,59771,73bc016ca4f9e43918e4d9837d0519c97b9d00ee5f134f0ee8c71275c239e36f,qualitative evidence metadata only,2026-05-26-initial-pack
reports/conformweb_visualizations/evidence/representative_screenshots/representative_screenshots_metadata.csv,reports/conformweb_visualizations/evidence/representative_screenshots/representative_screenshots_metadata.csv,9668,e44ac66fa4a8b54c28116e8d16790dcb994e7a408a1df0dc32036cf91bd9641d,qualitative evidence metadata only,2026-05-26-initial-pack
reports/conformweb_visualizations/figures/README.md,reports/conformweb_visualizations/figures/README.md,7222,d92df254018c91e03d98d7c34dd2fdb92361544852cb00c1ce0e240ecb1db44f,figure inventory,2026-05-26-initial-pack
reports/conformweb_visualizations/figures/appendix/appendix_benchmark_complexity_map_detailed.pdf,reports/conformweb_visualizations/figures/appendix/appendix_benchmark_complexity_map_detailed.pdf,34842,0c73097ed1e1475c3224b596978692b90fd4c63df631a42bbdf8e6eb5c1c6892,final paper figure PDF,2026-05-26-initial-pack
reports/conformweb_visualizations/figures/appendix/appendix_contract_feature_difficulty.pdf,reports/conformweb_visualizations/figures/appendix/appendix_contract_feature_difficulty.pdf,16999,27907bb5256c62708866c5a874c8aa6ac6a9efaf33176106e0ec44dec529e625,final paper figure PDF,2026-05-26-initial-pack
reports/conformweb_visualizations/figures/appendix/appendix_first_failure_position_histogram.pdf,reports/conformweb_visualizations/figures/appendix/appendix_first_failure_position_histogram.pdf,12276,5d6636b8fa5debdde3693f77cc6f6f973721d7dc2ab62fba8572b6f63adb9663,final paper figure PDF,2026-05-26-initial-pack
reports/conformweb_visualizations/figures/appendix/appendix_generation_variance.pdf,reports/conformweb_visualizations/figures/appendix/appendix_generation_variance.pdf,39550,b45ee54457bae395829ff389631ea0b1337d8f51a2ba4f604f3297bc646f9e11,final paper figure PDF,2026-05-26-initial-pack
reports/conformweb_visualizations/figures/appendix/appendix_instance_heatmap.pdf,reports/conformweb_visualizations/figures/appendix/appendix_instance_heatmap.pdf,27846,fb38c6a49450c01b6341bb5cd981f7ce22ccba148ab7677a1b991c91cec50040,final paper figure PDF,2026-05-26-initial-pack
reports/conformweb_visualizations/figures/appendix/appendix_public_private_reference_flow.pdf,reports/conformweb_visualizations/figures/appendix/appendix_public_private_reference_flow.pdf,16079,43915e25cb3500a95049b268bbc85f04029e8179e0945411301c910ca78e6829,final paper figure PDF,2026-05-26-initial-pack
reports/conformweb_visualizations/figures/appendix/appendix_public_private_reference_flow_square.pdf,reports/conformweb_visualizations/figures/appendix/appendix_public_private_reference_flow_square.pdf,16062,793cd821862f83a83d4e7b0eff9a3600871e10b194f63d821d552d488d99e0b9,final paper figure PDF,2026-05-26-initial-pack
reports/conformweb_visualizations/figures/appendix/appendix_reference_vs_generated.pdf,reports/conformweb_visualizations/figures/appendix/appendix_reference_vs_generated.pdf,25578,627d3b45008749c89feed71b201aede33138eb2b691b510680d4023fd882dd12,final paper figure PDF,2026-05-26-initial-pack
reports/conformweb_visualizations/figures/appendix/appendix_relation_failure_breakdown.pdf,reports/conformweb_visualizations/figures/appendix/appendix_relation_failure_breakdown.pdf,11707,d642b41387b5ad85b5b0af549ffca3634aba6f79751f81fa9f28a54340114000,final paper figure PDF,2026-05-26-initial-pack
reports/conformweb_visualizations/figures/appendix/appendix_scenario_split.pdf,reports/conformweb_visualizations/figures/appendix/appendix_scenario_split.pdf,16468,51e0642f1ece79e25dd9e0ed2607df915c2d474d675fa041359354a3047aa347,final paper figure PDF,2026-05-26-initial-pack
reports/conformweb_visualizations/figures/appendix/appendix_scenario_step_distribution.pdf,reports/conformweb_visualizations/figures/appendix/appendix_scenario_step_distribution.pdf,21230,d12b387e57d6dcc404fc7c61910261f6742a4c7a50c2b02713ad85848a8f08ff,final paper figure PDF,2026-05-26-initial-pack
reports/conformweb_visualizations/figures/appendix/appendix_step_vs_scenario_scatter.pdf,reports/conformweb_visualizations/figures/appendix/appendix_step_vs_scenario_scatter.pdf,28516,5c30da3d33e5d44ea9f263d2b4e641b86b0529ab3fb61e92ca0c054d1f10335c,final paper figure PDF,2026-05-26-initial-pack
reports/conformweb_visualizations/figures/appendix/appendix_wrong_transition_breakdown.pdf,reports/conformweb_visualizations/figures/appendix/appendix_wrong_transition_breakdown.pdf,11783,98d8197916d79fc0e65663e19faf63e76ecb548d8fcc93c7bc45eb07eb8e2020,final paper figure PDF,2026-05-26-initial-pack
reports/conformweb_visualizations/figures/main/figure_admissibility_conformance_gap.pdf,reports/conformweb_visualizations/figures/main/figure_admissibility_conformance_gap.pdf,22144,000776a89022f236dc129bf01486ef1e89725a646c0b2f48ae74c7471e52f1ae,final paper figure PDF,2026-05-26-initial-pack
reports/conformweb_visualizations/figures/main/figure_benchmark_complexity_map.pdf,reports/conformweb_visualizations/figures/main/figure_benchmark_complexity_map.pdf,20125,133fb45dca1b70a42f8395eb9933d794214209ff9f9f4984d1d2710e77a71ca6,final paper figure PDF,2026-05-26-initial-pack
reports/conformweb_visualizations/figures/main/figure_conformance_gap.pdf,reports/conformweb_visualizations/figures/main/figure_conformance_gap.pdf,18945,7cfea37b47f925bdda4bba1f19cf97c2f7447c5bc80e267927bf6be0d82cbccf,final paper figure PDF,2026-05-26-initial-pack
reports/conformweb_visualizations/figures/main/figure_conformance_gap_model_capability.pdf,reports/conformweb_visualizations/figures/main/figure_conformance_gap_model_capability.pdf,25714,5420927b0e87ba0f6a35db04423efcde18409aea9b795237296eb4349b870aa7,final paper figure PDF,2026-05-26-initial-pack
reports/conformweb_visualizations/figures/main/figure_conformance_gap_only.pdf,reports/conformweb_visualizations/figures/main/figure_conformance_gap_only.pdf,18152,7e1257c01025a0611dd2f39b8a7de4a75c96ef535c52abf0b9f1d01955426917,final paper figure PDF,2026-05-26-initial-pack
reports/conformweb_visualizations/figures/main/figure_conformance_gap_square.pdf,reports/conformweb_visualizations/figures/main/figure_conformance_gap_square.pdf,18161,27629e485257192c1a87b38ea36bb52a169daf8f5899b8bbb1232a34192d3150,final paper figure PDF,2026-05-26-initial-pack
reports/conformweb_visualizations/figures/main/figure_failure_taxonomy.pdf,reports/conformweb_visualizations/figures/main/figure_failure_taxonomy.pdf,21047,2d698f161e746f618fdf0c6002b65803a4ef90227277eb25aea1c94711652685,final paper figure PDF,2026-05-26-initial-pack
reports/conformweb_visualizations/figures/main/figure_private_scenario_reference_reuse.pdf,reports/conformweb_visualizations/figures/main/figure_private_scenario_reference_reuse.pdf,16806,ecbff0b125cf72e0bf682279de58d0619955072c263577a967d807804294e666,final paper figure PDF,2026-05-26-initial-pack
reports/conformweb_visualizations/figures/main/figure_private_scenario_reference_reuse_vertical.pdf,reports/conformweb_visualizations/figures/main/figure_private_scenario_reference_reuse_vertical.pdf,16898,640d845092fbf06d5e554b130573fc16141c8dcdb11399d53bd83b4ff131e292,final paper figure PDF,2026-05-26-initial-pack
reports/conformweb_visualizations/figures/main_or_appendix/figure_complexity_ladder_heatmap.pdf,reports/conformweb_visualizations/figures/main_or_appendix/figure_complexity_ladder_heatmap.pdf,20066,ab18cc90407358cbcd38c74f901b8cf885018f0512040d67e3e92896c67d55f3,final paper figure PDF,2026-05-26-initial-pack
reports/conformweb_visualizations/figures/main_or_appendix/figure_conformance_gap_model_capability.pdf,reports/conformweb_visualizations/figures/main_or_appendix/figure_conformance_gap_model_capability.pdf,25714,5420927b0e87ba0f6a35db04423efcde18409aea9b795237296eb4349b870aa7,final paper figure PDF,2026-05-26-initial-pack
reports/conformweb_visualizations/figures/main_or_appendix/figure_conformance_gap_reference_pair.pdf,reports/conformweb_visualizations/figures/main_or_appendix/figure_conformance_gap_reference_pair.pdf,22144,7f0b0e1211b56d2dd7db039df823ea5df4f0bfaced00409d3b031129342a4ac0,final paper figure PDF,2026-05-26-initial-pack
reports/conformweb_visualizations/figures/main_or_appendix/figure_difficulty_scaling_curve.pdf,reports/conformweb_visualizations/figures/main_or_appendix/figure_difficulty_scaling_curve.pdf,24195,b88f1e577d5d7d6f076b4c869f00281ccd078fb7bae0fb3316d02f1be9e54d64,final paper figure PDF,2026-05-26-initial-pack
reports/conformweb_visualizations/figures/main_or_appendix/figure_long_horizon_survival.pdf,reports/conformweb_visualizations/figures/main_or_appendix/figure_long_horizon_survival.pdf,28380,56640c5c7e66be2d54e3c9ab9ccf069516cbf7466338002886d36e033be61d2f,final paper figure PDF,2026-05-26-initial-pack
reports/conformweb_visualizations/figures/main_or_appendix/figure_model_capability.pdf,reports/conformweb_visualizations/figures/main_or_appendix/figure_model_capability.pdf,21709,56a5d9f7ca72587a0b2a3069ee974e30297bd6b08762adf83479d249a6d1dab1,final paper figure PDF,2026-05-26-initial-pack
reports/conformweb_visualizations/main_model_rollup_report.md,reports/conformweb_visualizations/main_model_rollup_report.md,2804,8b73a3d38af287b20782e739649a965eda306f139172e4a00362732d7558a2b5,paper report / audit note,2026-05-26-initial-pack
reports/conformweb_visualizations/paper/blind_private_pass_investigation.md,reports/conformweb_visualizations/paper/blind_private_pass_investigation.md,5191,255b1d2ff1d6423077998e6bbabc4e21b1bd48b1186242921b0d5f37b708891c,paper draft and analysis notes,2026-05-26-initial-pack
reports/conformweb_visualizations/paper/blind_private_pass_raw_run_flags.csv,reports/conformweb_visualizations/paper/blind_private_pass_raw_run_flags.csv,207163,4fa6b7920d43928af7ff712618ec8511ae70f43116fc6c7ad748ad6a8e29628b,paper draft and analysis notes,2026-05-26-initial-pack
reports/conformweb_visualizations/paper/conformweb_protocol_main_draft.tex,reports/conformweb_visualizations/paper/conformweb_protocol_main_draft.tex,40850,45f02e1dcc070acf6d5d4a38401a369ede2a45ac6f1f6a0bb3e27cdcc30cf9b7,paper draft and analysis notes,2026-05-26-initial-pack
reports/conformweb_visualizations/paper/conformweb_protocol_revision_review.md,reports/conformweb_visualizations/paper/conformweb_protocol_revision_review.md,4727,d53983bc41a8b0e03f7017f2ce5749fcfa11ab414eb08746639b90a5ebd5f5b1,paper draft and analysis notes,2026-05-26-initial-pack
reports/conformweb_visualizations/poster_asset_pack_20260929_current756/README.md,reports/conformweb_visualizations/poster_asset_pack_20260929_current756/README.md,2338,3deb2285eef6fbdc1da95ad59332a0f852eadac4a4e8cdf4e31f174918560b76,curated poster-ready visual evidence and provenance,2026-09-29-refresh
reports/conformweb_visualizations/poster_asset_pack_20260929_current756/alternatives/failure_evidence/01_stayflow_concierge_tier_a_wrong_state_transition.png,reports/conformweb_visualizations/poster_asset_pack_20260929_current756/alternatives/failure_evidence/01_stayflow_concierge_tier_a_wrong_state_transition.png,221303,b3b0eb62a80d14ec2fcc39b9642bb53c91e6045ffd1e13a8661d7bdf84a24b93,curated poster-ready visual evidence and provenance,2026-09-29-refresh
reports/conformweb_visualizations/poster_asset_pack_20260929_current756/alternatives/failure_evidence/02_stayflow_concierge_tier_a_route_persistence_drift.png,reports/conformweb_visualizations/poster_asset_pack_20260929_current756/alternatives/failure_evidence/02_stayflow_concierge_tier_a_route_persistence_drift.png,242647,dd15425a7625102b0bd6127bc55e2c5f0216e7a78dd9edb969375c75d17216c6,curated poster-ready visual evidence and provenance,2026-09-29-refresh
reports/conformweb_visualizations/poster_asset_pack_20260929_current756/alternatives/failure_evidence/03_stayflow_concierge_tier_a_rendered_projection_mismatch.png,reports/conformweb_visualizations/poster_asset_pack_20260929_current756/alternatives/failure_evidence/03_stayflow_concierge_tier_a_rendered_projection_mismatch.png,391281,73f2f0e5c6700d989361e56fe68e4bed87c22b5cc7c88b6039d7c61db1f23988,curated poster-ready visual evidence and provenance,2026-09-29-refresh
reports/conformweb_visualizations/poster_asset_pack_20260929_current756/alternatives/failure_evidence/04_stayflow_concierge_tier_b_wrong_state_transition.png,reports/conformweb_visualizations/poster_asset_pack_20260929_current756/alternatives/failure_evidence/04_stayflow_concierge_tier_b_wrong_state_transition.png,187222,72fdbf9bce45e6ddda4e8b3c99dac34f660066ed6d744c648bda67b88948a6fd,curated poster-ready visual evidence and provenance,2026-09-29-refresh
reports/conformweb_visualizations/poster_asset_pack_20260929_current756/alternatives/failure_evidence/05_stayflow_concierge_tier_b_route_persistence_drift.png,reports/conformweb_visualizations/poster_asset_pack_20260929_current756/alternatives/failure_evidence/05_stayflow_concierge_tier_b_route_persistence_drift.png,351335,6f594b638d38d560c2fa143044017baba173f3e4e1ca974e318f5bbdf5598fd7,curated poster-ready visual evidence and provenance,2026-09-29-refresh
reports/conformweb_visualizations/poster_asset_pack_20260929_current756/alternatives/failure_evidence/06_stayflow_concierge_tier_b_rendered_projection_mismatch.png,reports/conformweb_visualizations/poster_asset_pack_20260929_current756/alternatives/failure_evidence/06_stayflow_concierge_tier_b_rendered_projection_mismatch.png,352155,c7fba6b300d3b1b56368fb5ed4141540c89bcde5bafd0b4db2214266acbc1817,curated poster-ready visual evidence and provenance,2026-09-29-refresh
reports/conformweb_visualizations/poster_asset_pack_20260929_current756/alternatives/failure_evidence/07_stayflow_concierge_tier_c_wrong_state_transition.png,reports/conformweb_visualizations/poster_asset_pack_20260929_current756/alternatives/failure_evidence/07_stayflow_concierge_tier_c_wrong_state_transition.png,585111,6793bb16d9a8a2eefda05e2eec86d76559fc1ce83279b78c1d5a3db064594324,curated poster-ready visual evidence and provenance,2026-09-29-refresh
reports/conformweb_visualizations/poster_asset_pack_20260929_current756/alternatives/failure_evidence/08_stayflow_concierge_tier_c_route_persistence_drift.png,reports/conformweb_visualizations/poster_asset_pack_20260929_current756/alternatives/failure_evidence/08_stayflow_concierge_tier_c_route_persistence_drift.png,639878,021983dda9b020d4b50f82f0fc2a4c1720dcca011da2e7085ddb6863765c06a9,curated poster-ready visual evidence and provenance,2026-09-29-refresh
reports/conformweb_visualizations/poster_asset_pack_20260929_current756/alternatives/failure_evidence/09_stayflow_concierge_tier_c_rendered_projection_mismatch.png,reports/conformweb_visualizations/poster_asset_pack_20260929_current756/alternatives/failure_evidence/09_stayflow_concierge_tier_c_rendered_projection_mismatch.png,253006,8bcc2c3b4e317de6a2b31ad9310efec3be9086a136875d58e4285c0f36184bf6,curated poster-ready visual evidence and provenance,2026-09-29-refresh
reports/conformweb_visualizations/poster_asset_pack_20260929_current756/alternatives/failure_evidence/10_freshcart_market_tier_a_wrong_state_transition.png,reports/conformweb_visualizations/poster_asset_pack_20260929_current756/alternatives/failure_evidence/10_freshcart_market_tier_a_wrong_state_transition.png,199989,9d3e565a2357a01e6078239e84dd717239eac8ee4ffd6b0041bab440aee73bc1,curated poster-ready visual evidence and provenance,2026-09-29-refresh
reports/conformweb_visualizations/poster_asset_pack_20260929_current756/alternatives/failure_evidence/11_freshcart_market_tier_a_route_persistence_drift.png,reports/conformweb_visualizations/poster_asset_pack_20260929_current756/alternatives/failure_evidence/11_freshcart_market_tier_a_route_persistence_drift.png,226230,4c980d2c78c9fd499e71cdf3e45650efe2f7a38b9701ed75920dd3d01acc4f3e,curated poster-ready visual evidence and provenance,2026-09-29-refresh
reports/conformweb_visualizations/poster_asset_pack_20260929_current756/alternatives/failure_evidence/12_freshcart_market_tier_a_rendered_projection_mismatch.png,reports/conformweb_visualizations/poster_asset_pack_20260929_current756/alternatives/failure_evidence/12_freshcart_market_tier_a_rendered_projection_mismatch.png,232553,1cf60d24c4e7987a201e685dc284864e5abff3c4b4d2d105b328b2c5ea710229,curated poster-ready visual evidence and provenance,2026-09-29-refresh
reports/conformweb_visualizations/poster_asset_pack_20260929_current756/alternatives/failure_evidence/13_freshcart_market_tier_b_wrong_state_transition.png,reports/conformweb_visualizations/poster_asset_pack_20260929_current756/alternatives/failure_evidence/13_freshcart_market_tier_b_wrong_state_transition.png,340136,d45b89e84c9f7cc32937a67bef3b27e0938fa685e416f0e26b6ae84b9a7e51cd,curated poster-ready visual evidence and provenance,2026-09-29-refresh
reports/conformweb_visualizations/poster_asset_pack_20260929_current756/alternatives/failure_evidence/14_freshcart_market_tier_b_route_persistence_drift.png,reports/conformweb_visualizations/poster_asset_pack_20260929_current756/alternatives/failure_evidence/14_freshcart_market_tier_b_route_persistence_drift.png,335952,d009d5a69b7eed45ce8c6b97359ca33b35aaa0289afb65cabe3d5e1670f20787,curated poster-ready visual evidence and provenance,2026-09-29-refresh
reports/conformweb_visualizations/poster_asset_pack_20260929_current756/alternatives/failure_evidence/15_freshcart_market_tier_b_rendered_projection_mismatch.png,reports/conformweb_visualizations/poster_asset_pack_20260929_current756/alternatives/failure_evidence/15_freshcart_market_tier_b_rendered_projection_mismatch.png,279099,01a787d6a4b98c41f5aac43ed1be9bbd3fcd5069c224619e73b09edd29c4ecfe,curated poster-ready visual evidence and provenance,2026-09-29-refresh
reports/conformweb_visualizations/poster_asset_pack_20260929_current756/alternatives/failure_evidence/16_freshcart_market_tier_c_wrong_state_transition.png,reports/conformweb_visualizations/poster_asset_pack_20260929_current756/alternatives/failure_evidence/16_freshcart_market_tier_c_wrong_state_transition.png,285539,e76fcfa42765cf1e901bbb1ed7a1848244bbce11d2751e3cb2c52584b6146584,curated poster-ready visual evidence and provenance,2026-09-29-refresh
reports/conformweb_visualizations/poster_asset_pack_20260929_current756/alternatives/failure_evidence/17_freshcart_market_tier_c_route_persistence_drift.png,reports/conformweb_visualizations/poster_asset_pack_20260929_current756/alternatives/failure_evidence/17_freshcart_market_tier_c_route_persistence_drift.png,352412,f5a33bb3134ba5b9ffee68dd77c92d714606210abc6c497d9410ee9b42638a79,curated poster-ready visual evidence and provenance,2026-09-29-refresh
reports/conformweb_visualizations/poster_asset_pack_20260929_current756/alternatives/failure_evidence/18_freshcart_market_tier_c_rendered_projection_mismatch.png,reports/conformweb_visualizations/poster_asset_pack_20260929_current756/alternatives/failure_evidence/18_freshcart_market_tier_c_rendered_projection_mismatch.png,187935,8bc1c945d21ef0081e6ff3ad793a8124dec7f3d13437cd5678866e766f017f7f,curated poster-ready visual evidence and provenance,2026-09-29-refresh
reports/conformweb_visualizations/poster_asset_pack_20260929_current756/alternatives/failure_evidence/19_clinic_shift_command_tier_a_wrong_state_transition.png,reports/conformweb_visualizations/poster_asset_pack_20260929_current756/alternatives/failure_evidence/19_clinic_shift_command_tier_a_wrong_state_transition.png,235959,12555f0dd2a1adac69e62f28baf05068462410495f8ee17e16200d6d480fe431,curated poster-ready visual evidence and provenance,2026-09-29-refresh
reports/conformweb_visualizations/poster_asset_pack_20260929_current756/alternatives/failure_evidence/20_clinic_shift_command_tier_a_route_persistence_drift.png,reports/conformweb_visualizations/poster_asset_pack_20260929_current756/alternatives/failure_evidence/20_clinic_shift_command_tier_a_route_persistence_drift.png,257516,5d28937cd670a79554022f438bfef7dee6a9da38e0b402923c3378516634aba2,curated poster-ready visual evidence and provenance,2026-09-29-refresh
reports/conformweb_visualizations/poster_asset_pack_20260929_current756/alternatives/failure_evidence/21_clinic_shift_command_tier_a_rendered_projection_mismatch.png,reports/conformweb_visualizations/poster_asset_pack_20260929_current756/alternatives/failure_evidence/21_clinic_shift_command_tier_a_rendered_projection_mismatch.png,288439,294ed7a413a1c826c54eeb78d02f75b19392e26bb42ac5884701735cc99651a8,curated poster-ready visual evidence and provenance,2026-09-29-refresh
reports/conformweb_visualizations/poster_asset_pack_20260929_current756/alternatives/failure_evidence/22_clinic_shift_command_tier_b_wrong_state_transition.png,reports/conformweb_visualizations/poster_asset_pack_20260929_current756/alternatives/failure_evidence/22_clinic_shift_command_tier_b_wrong_state_transition.png,215502,c2a7183ea85a3fb76e82d60442aa62dc9527285b9ebe9439f0a937d1dac8cec2,curated poster-ready visual evidence and provenance,2026-09-29-refresh
reports/conformweb_visualizations/poster_asset_pack_20260929_current756/alternatives/failure_evidence/23_clinic_shift_command_tier_b_route_persistence_drift.png,reports/conformweb_visualizations/poster_asset_pack_20260929_current756/alternatives/failure_evidence/23_clinic_shift_command_tier_b_route_persistence_drift.png,331551,203712cb6c795b0b04d174cfc4f5e9d6325b66d5ef19d2528571b89170418f73,curated poster-ready visual evidence and provenance,2026-09-29-refresh
reports/conformweb_visualizations/poster_asset_pack_20260929_current756/alternatives/failure_evidence/24_clinic_shift_command_tier_b_rendered_projection_mismatch.png,reports/conformweb_visualizations/poster_asset_pack_20260929_current756/alternatives/failure_evidence/24_clinic_shift_command_tier_b_rendered_projection_mismatch.png,198837,c9d12a54ff7202fe590de75939a5f537d8f4a5cc1a3300626e9c1449db6c284f,curated poster-ready visual evidence and provenance,2026-09-29-refresh
reports/conformweb_visualizations/poster_asset_pack_20260929_current756/alternatives/failure_evidence/25_clinic_shift_command_tier_c_wrong_state_transition.png,reports/conformweb_visualizations/poster_asset_pack_20260929_current756/alternatives/failure_evidence/25_clinic_shift_command_tier_c_wrong_state_transition.png,328468,fc71a0cc7eb3231ee687f6d4d6369c1c826525cfeb4d04bd54005c3843d189a1,curated poster-ready visual evidence and provenance,2026-09-29-refresh
reports/conformweb_visualizations/poster_asset_pack_20260929_current756/alternatives/failure_evidence/26_clinic_shift_command_tier_c_route_persistence_drift.png,reports/conformweb_visualizations/poster_asset_pack_20260929_current756/alternatives/failure_evidence/26_clinic_shift_command_tier_c_route_persistence_drift.png,312038,d0239fcccc1e89bc17fa4105b48d2789f0a88cd70f90c05c49a3ea20abb4e98d,curated poster-ready visual evidence and provenance,2026-09-29-refresh
reports/conformweb_visualizations/poster_asset_pack_20260929_current756/alternatives/failure_evidence/27_clinic_shift_command_tier_c_rendered_projection_mismatch.png,reports/conformweb_visualizations/poster_asset_pack_20260929_current756/alternatives/failure_evidence/27_clinic_shift_command_tier_c_rendered_projection_mismatch.png,324391,fdf37825079e12a799fe2ca6797aeeeff642642213c232dcf851ff990a717b57,curated poster-ready visual evidence and provenance,2026-09-29-refresh
reports/conformweb_visualizations/poster_asset_pack_20260929_current756/alternatives/failure_evidence/28_homefix_hub_tier_a_wrong_state_transition.png,reports/conformweb_visualizations/poster_asset_pack_20260929_current756/alternatives/failure_evidence/28_homefix_hub_tier_a_wrong_state_transition.png,437604,6a46f6c09430f976cef4c1a20baf874013a1309a5014f6ad67f6b5c101fd88a7,curated poster-ready visual evidence and provenance,2026-09-29-refresh
reports/conformweb_visualizations/poster_asset_pack_20260929_current756/alternatives/failure_evidence/29_homefix_hub_tier_a_route_persistence_drift.png,reports/conformweb_visualizations/poster_asset_pack_20260929_current756/alternatives/failure_evidence/29_homefix_hub_tier_a_route_persistence_drift.png,239085,4e01eff1bd62d26232becb4ff9202b7b64f00b7a2add3df114d5d7c8bb7c1d95,curated poster-ready visual evidence and provenance,2026-09-29-refresh
reports/conformweb_visualizations/poster_asset_pack_20260929_current756/alternatives/failure_evidence/30_homefix_hub_tier_a_rendered_projection_mismatch.png,reports/conformweb_visualizations/poster_asset_pack_20260929_current756/alternatives/failure_evidence/30_homefix_hub_tier_a_rendered_projection_mismatch.png,199056,cb19f60cbfc8289325e719de49cbd867cf5bf0d618ff882dddb329d3aabdd1dd,curated poster-ready visual evidence and provenance,2026-09-29-refresh
reports/conformweb_visualizations/poster_asset_pack_20260929_current756/alternatives/failure_evidence/31_homefix_hub_tier_b_wrong_state_transition.png,reports/conformweb_visualizations/poster_asset_pack_20260929_current756/alternatives/failure_evidence/31_homefix_hub_tier_b_wrong_state_transition.png,174958,8d0f910da08a01b5a99a4ae43c17a9fe56c92a64c6c5bd48bc3cd80e57d2a127,curated poster-ready visual evidence and provenance,2026-09-29-refresh
reports/conformweb_visualizations/poster_asset_pack_20260929_current756/alternatives/failure_evidence/32_homefix_hub_tier_b_route_persistence_drift.png,reports/conformweb_visualizations/poster_asset_pack_20260929_current756/alternatives/failure_evidence/32_homefix_hub_tier_b_route_persistence_drift.png,265792,a53568c3f722f95570dd1ce8d546a4077ce72aad711c0ffbf1f339f4deda2b12,curated poster-ready visual evidence and provenance,2026-09-29-refresh
reports/conformweb_visualizations/poster_asset_pack_20260929_current756/alternatives/failure_evidence/33_homefix_hub_tier_b_rendered_projection_mismatch.png,reports/conformweb_visualizations/poster_asset_pack_20260929_current756/alternatives/failure_evidence/33_homefix_hub_tier_b_rendered_projection_mismatch.png,190414,233899d448f1e4bc1a3abf3b027582676c38a0eb461a86472697703d3be6dc35,curated poster-ready visual evidence and provenance,2026-09-29-refresh
reports/conformweb_visualizations/poster_asset_pack_20260929_current756/alternatives/failure_evidence/34_homefix_hub_tier_c_wrong_state_transition.png,reports/conformweb_visualizations/poster_asset_pack_20260929_current756/alternatives/failure_evidence/34_homefix_hub_tier_c_wrong_state_transition.png,272641,4136d9289294b58879884ebbf7b08a4b028fe777ccfd890342bf2ef6f53e2d65,curated poster-ready visual evidence and provenance,2026-09-29-refresh
reports/conformweb_visualizations/poster_asset_pack_20260929_current756/alternatives/failure_evidence/35_homefix_hub_tier_c_route_persistence_drift.png,reports/conformweb_visualizations/poster_asset_pack_20260929_current756/alternatives/failure_evidence/35_homefix_hub_tier_c_route_persistence_drift.png,236348,73aebf8acd824465976538c42a1a64a92a1d3fbb89ff97cc046c5d4244779d82,curated poster-ready visual evidence and provenance,2026-09-29-refresh
reports/conformweb_visualizations/poster_asset_pack_20260929_current756/alternatives/failure_evidence/36_homefix_hub_tier_c_rendered_projection_mismatch.png,reports/conformweb_visualizations/poster_asset_pack_20260929_current756/alternatives/failure_evidence/36_homefix_hub_tier_c_rendered_projection_mismatch.png,237885,9bf548f00fa963b52a397b3b683832e178e447fdea46cde2a610671270399e53,curated poster-ready visual evidence and provenance,2026-09-29-refresh
reports/conformweb_visualizations/poster_asset_pack_20260929_current756/alternatives/failure_evidence/37_homefix_hub_tier_d_wrong_state_transition.png,reports/conformweb_visualizations/poster_asset_pack_20260929_current756/alternatives/failure_evidence/37_homefix_hub_tier_d_wrong_state_transition.png,236153,b02710ca41dfff0dba5b7752866157639e04e7cf11da291e70b963032ede7fde,curated poster-ready visual evidence and provenance,2026-09-29-refresh
reports/conformweb_visualizations/poster_asset_pack_20260929_current756/alternatives/failure_evidence/38_homefix_hub_tier_d_route_persistence_drift.png,reports/conformweb_visualizations/poster_asset_pack_20260929_current756/alternatives/failure_evidence/38_homefix_hub_tier_d_route_persistence_drift.png,276078,8401fa9c3c42ef02283700cef5f47b0057b334646fadf7acb12cfa0c18db3fa2,curated poster-ready visual evidence and provenance,2026-09-29-refresh
reports/conformweb_visualizations/poster_asset_pack_20260929_current756/alternatives/failure_evidence/39_homefix_hub_tier_d_rendered_projection_mismatch.png,reports/conformweb_visualizations/poster_asset_pack_20260929_current756/alternatives/failure_evidence/39_homefix_hub_tier_d_rendered_projection_mismatch.png,525462,87d7cb7839e521d1d1602aac66cd8f1827d1251280edf8675fa91ad60968b290,curated poster-ready visual evidence and provenance,2026-09-29-refresh
reports/conformweb_visualizations/poster_asset_pack_20260929_current756/alternatives/family_rows/01_stayflow_concierge.png,reports/conformweb_visualizations/poster_asset_pack_20260929_current756/alternatives/family_rows/01_stayflow_concierge.png,1937533,383e4ae6c08fee08d9089e51d8c4f5c893ea9675f1d3ec82a96842cdf3405bdc,curated poster-ready visual evidence and provenance,2026-09-29-refresh
reports/conformweb_visualizations/poster_asset_pack_20260929_current756/alternatives/family_rows/02_freshcart_market.png,reports/conformweb_visualizations/poster_asset_pack_20260929_current756/alternatives/family_rows/02_freshcart_market.png,1538982,a706602b188d4c0b93ed9e70f249e5a274eaf648703682eb297ffd22515369ec,curated poster-ready visual evidence and provenance,2026-09-29-refresh
reports/conformweb_visualizations/poster_asset_pack_20260929_current756/alternatives/family_rows/03_clinic_shift_command.png,reports/conformweb_visualizations/poster_asset_pack_20260929_current756/alternatives/family_rows/03_clinic_shift_command.png,2350849,b93e8605707f0f2b5a01850efdb5c2fd0068f611ad62550211b13c7da4377ad3,curated poster-ready visual evidence and provenance,2026-09-29-refresh
reports/conformweb_visualizations/poster_asset_pack_20260929_current756/alternatives/family_rows/04_campus_registrar_command.png,reports/conformweb_visualizations/poster_asset_pack_20260929_current756/alternatives/family_rows/04_campus_registrar_command.png,2799631,23425264bb78c6afde42a7383bb5e9f30a0a40a09bc94e3b8e57cacffdf04143,curated poster-ready visual evidence and provenance,2026-09-29-refresh
reports/conformweb_visualizations/poster_asset_pack_20260929_current756/alternatives/family_rows/05_media_campaign_launch_desk.png,reports/conformweb_visualizations/poster_asset_pack_20260929_current756/alternatives/family_rows/05_media_campaign_launch_desk.png,2666018,0c4e6c753c6babee01e9c602646db0b5e9d8eac6c1e22f4f99743bf2f9b19698,curated poster-ready visual evidence and provenance,2026-09-29-refresh
reports/conformweb_visualizations/poster_asset_pack_20260929_current756/alternatives/family_rows/06_homefix_hub.png,reports/conformweb_visualizations/poster_asset_pack_20260929_current756/alternatives/family_rows/06_homefix_hub.png,2259855,e4be304e0aeb511425f02cc6991d92b4c607f20106d2484eaf73d4dba71cd287,curated poster-ready visual evidence and provenance,2026-09-29-refresh
reports/conformweb_visualizations/poster_asset_pack_20260929_current756/data/coverage_current756.csv,reports/conformweb_visualizations/poster_asset_pack_20260929_current756/data/coverage_current756.csv,206,948fbb2bc341f839a3d95ed376c7290cdbfda7d000945190d4a452d60e2bc663,curated poster-ready visual evidence and provenance,2026-09-29-refresh
reports/conformweb_visualizations/poster_asset_pack_20260929_current756/manifest.csv,reports/conformweb_visualizations/poster_asset_pack_20260929_current756/manifest.csv,10922,915787854661af5a4c9f9910e5e1398e2b9147ed8b96d0025a8d08b8ce63b6cb,curated poster-ready visual evidence and provenance,2026-09-29-refresh
reports/conformweb_visualizations/poster_asset_pack_20260929_current756/ready_to_use/01_campus_family_complexity_a_to_d.png,reports/conformweb_visualizations/poster_asset_pack_20260929_current756/ready_to_use/01_campus_family_complexity_a_to_d.png,2799631,23425264bb78c6afde42a7383bb5e9f30a0a40a09bc94e3b8e57cacffdf04143,curated poster-ready visual evidence and provenance,2026-09-29-refresh
reports/conformweb_visualizations/poster_asset_pack_20260929_current756/ready_to_use/02_public_contract_private_scenario_coverage_current756.png,reports/conformweb_visualizations/poster_asset_pack_20260929_current756/ready_to_use/02_public_contract_private_scenario_coverage_current756.png,129717,29928a40a230b67aedecd7ab84c535227093c82fb96a9da735d418c3a85b7b8e,curated poster-ready visual evidence and provenance,2026-09-29-refresh
reports/conformweb_visualizations/poster_asset_pack_20260929_current756/ready_to_use/03_homefix_private_journey_actual_screens.png,reports/conformweb_visualizations/poster_asset_pack_20260929_current756/ready_to_use/03_homefix_private_journey_actual_screens.png,384995,866e91ccff005070e471d42ae06d948e72cdd566eb3207a0e46e93b8d1ee2343,curated poster-ready visual evidence and provenance,2026-09-29-refresh
reports/conformweb_visualizations/poster_asset_pack_20260929_current756/ready_to_use/04_private_step_public_declaration_witness.png,reports/conformweb_visualizations/poster_asset_pack_20260929_current756/ready_to_use/04_private_step_public_declaration_witness.png,372994,164244c82aae75f21867add82746544ebac70abf739851cb2ce96843dddff7b8,curated poster-ready visual evidence and provenance,2026-09-29-refresh
reports/conformweb_visualizations/poster_asset_pack_20260929_current756/ready_to_use/05_failure_before_after_example.png,reports/conformweb_visualizations/poster_asset_pack_20260929_current756/ready_to_use/05_failure_before_after_example.png,276078,8401fa9c3c42ef02283700cef5f47b0057b334646fadf7acb12cfa0c18db3fa2,curated poster-ready visual evidence and provenance,2026-09-29-refresh
reports/conformweb_visualizations/poster_asset_pack_20260929_current756/source_screens/homefix_tier_c_1_004-after.png,reports/conformweb_visualizations/poster_asset_pack_20260929_current756/source_screens/homefix_tier_c_1_004-after.png,72208,6b983f2779fc44b93136efa4341315080bfbdef9f55c3835fff3c30991c87534,curated poster-ready visual evidence and provenance,2026-09-29-refresh
reports/conformweb_visualizations/poster_asset_pack_20260929_current756/source_screens/homefix_tier_c_2_012-after.png,reports/conformweb_visualizations/poster_asset_pack_20260929_current756/source_screens/homefix_tier_c_2_012-after.png,78674,43c04fd85774cfddfa42d4be4a05d89c501cb0488d9b8ae8dba5f85a13b6f27b,curated poster-ready visual evidence and provenance,2026-09-29-refresh
reports/conformweb_visualizations/poster_asset_pack_20260929_current756/source_screens/homefix_tier_c_3_022-after.png,reports/conformweb_visualizations/poster_asset_pack_20260929_current756/source_screens/homefix_tier_c_3_022-after.png,77706,bc0fa116d58abd223399175ef7a6f4d20be6dd393a8c99e9e16041f5df8d5ca6,curated poster-ready visual evidence and provenance,2026-09-29-refresh
reports/conformweb_visualizations/poster_asset_pack_20260929_current756/source_screens/homefix_tier_c_4_032-after.png,reports/conformweb_visualizations/poster_asset_pack_20260929_current756/source_screens/homefix_tier_c_4_032-after.png,108810,2f296378302c2d16b79dd5512bdfe8af6c5cc0e38ade47cebd897ea1d2ee3168,curated poster-ready visual evidence and provenance,2026-09-29-refresh
reports/conformweb_visualizations/private_admissibility_audit.md,reports/conformweb_visualizations/private_admissibility_audit.md,2352,4ac873e65ce4b1525114b095ef653c0168d19bf18854a95e2b275a0aa3cf337e,paper report / audit note,2026-05-26-initial-pack
reports/conformweb_visualizations/probe_scenario_audit.md,reports/conformweb_visualizations/probe_scenario_audit.md,13734,a2b10351237a4f216fdc5801de11df6dd8d6c7f369a327a496a564683296b0bd,reproducibility and artifact audit,2026-09-29-refresh
reports/conformweb_visualizations/repair_context_feedback_audit.md,reports/conformweb_visualizations/repair_context_feedback_audit.md,11159,a8b3a60b3e56fe20d343edf91849f52241ef3daaff53b402c8db70d8d8fe682c,reproducibility and artifact audit,2026-09-29-refresh
reports/conformweb_visualizations/rerun_update_status.md,reports/conformweb_visualizations/rerun_update_status.md,790,84047147c0df2d7eff71adf978a72ac0487bee859dbbf6c14c5f3d8c29f99b65,paper report / audit note,2026-05-26-initial-pack
reports/conformweb_visualizations/run_accounting_and_provenance_appendix.md,reports/conformweb_visualizations/run_accounting_and_provenance_appendix.md,47550,1a90f21688817456f9bbf9c72b1198988000d53ac2ef07dff8d355cb75bd13dc,reproducibility and artifact audit,2026-09-29-refresh
reports/conformweb_visualizations/tables/appendix_benchmark_inventory.csv,reports/conformweb_visualizations/tables/appendix_benchmark_inventory.csv,3152,775ed7326afbf31541896dd0ac47a2db784f641dab2e719cd745d2fac7b776e8,paper table source data and LaTeX tables,2026-05-26-initial-pack
reports/conformweb_visualizations/tables/appendix_benchmark_inventory.tex,reports/conformweb_visualizations/tables/appendix_benchmark_inventory.tex,3764,a89ba3c08a7408b81be6dfdf1a458eacfb66ab09ac85999c0668d6f766358c7f,paper table source data and LaTeX tables,2026-05-26-initial-pack
reports/conformweb_visualizations/tables/appendix_excluded_runs.csv,reports/conformweb_visualizations/tables/appendix_excluded_runs.csv,88,1fea524286a47ed02a52286b8b38dc47b04ac511e0bc09a4b226b230bd041757,paper table source data and LaTeX tables,2026-05-26-initial-pack
reports/conformweb_visualizations/tables/appendix_excluded_runs.tex,reports/conformweb_visualizations/tables/appendix_excluded_runs.tex,169,962176bba3f9f2c78f28e0c8c5ca28d8b03a7892c8306568ccfdc9f6ec745fad,paper table source data and LaTeX tables,2026-05-26-initial-pack
reports/conformweb_visualizations/tables/appendix_reference_validation.tex,reports/conformweb_visualizations/tables/appendix_reference_validation.tex,2160,ffa1a986d1e0da686ec6c407be47522f65b4a24dad0ad6c59456e538b5a73763,paper table source data and LaTeX tables,2026-05-26-initial-pack
reports/conformweb_visualizations/tables/current_target_scenario_inventory_756.csv,reports/conformweb_visualizations/tables/current_target_scenario_inventory_756.csv,1376,b3711d5ab6d0e19b5d94aaab850ee36d49c91dcc1b9a1598bc65f9eedb902282,current target-tree scenario inventory,2026-09-29-refresh
reports/conformweb_visualizations/tables/figure_source_data_conformance_model_difficulty.csv,reports/conformweb_visualizations/tables/figure_source_data_conformance_model_difficulty.csv,413431,c4c105651277bb2bb129ca2bbae0174dbe59f0fdc2d51f906b41e36b3deb3543,paper table source data and LaTeX tables,2026-05-26-initial-pack
reports/conformweb_visualizations/tables/private_admissibility_audit.csv,reports/conformweb_visualizations/tables/private_admissibility_audit.csv,7419,f2d2146023c1584df51293540225ae3e6ced6d37b0c71b5e18d22ffc10caa22b,paper table source data and LaTeX tables,2026-05-26-initial-pack
reports/conformweb_visualizations/tables/private_admissibility_audit.tex,reports/conformweb_visualizations/tables/private_admissibility_audit.tex,1853,69809254ba5e9dba12d37d420499382ffa8e45b2069016b411470ac6cfad8c2c,paper table source data and LaTeX tables,2026-05-26-initial-pack
reports/conformweb_visualizations/tables/private_admissibility_matrix.tex,reports/conformweb_visualizations/tables/private_admissibility_matrix.tex,1279,a573651c021a79366d24944bee946c18a4fde3c2f784056b7e99adbf72c104b0,paper table source data and LaTeX tables,2026-05-26-initial-pack
reports/conformweb_visualizations/tables/private_admissibility_summary.tex,reports/conformweb_visualizations/tables/private_admissibility_summary.tex,477,f005c9aa74eeb717c1dea75e367e20abb7878fe623de6a62c428a9b62967dabd,paper table source data and LaTeX tables,2026-05-26-initial-pack
reports/conformweb_visualizations/tables/private_reference_coverage.csv,reports/conformweb_visualizations/tables/private_reference_coverage.csv,13428,3bdc81a9c0245a73843805f20e2c22b252b77a483547b0636c4a86c09d8585b2,paper table source data and LaTeX tables,2026-05-26-initial-pack
reports/conformweb_visualizations/tables/private_scenario_admissibility.csv,reports/conformweb_visualizations/tables/private_scenario_admissibility.csv,97092,2f31cc20cfe19e92dd815a2445eadeef201162ba59716b9f47ba7c5460103a1c,paper table source data and LaTeX tables,2026-05-26-initial-pack
reports/conformweb_visualizations/validation_report.md,reports/conformweb_visualizations/validation_report.md,1569,c1be53b0b18c856733e1fbfe77745dee43d08da54a768339a9c3ea3bc0339b86,paper report / audit note,2026-05-26-initial-pack
results_backend_backed_target_apps/backend_backed_target_apps_20260709_full/README.md,results_backend_backed_target_apps/backend_backed_target_apps_20260709_full/README.md,12002,bd4f34bda08351a8c716f6a1acc62dd29f131aa25a639b9a5e58f70412149735,compact backend-backed experiment accounting,2026-09-29-refresh
results_backend_backed_target_apps/backend_backed_target_apps_20260709_full/aggregate.json,results_backend_backed_target_apps/backend_backed_target_apps_20260709_full/aggregate.json,31748196,cf94ec5353be6ce64df40bd768445fa2a83ca4c9010964b3b4f00e59afa3a775,compact backend-backed experiment accounting,2026-09-29-refresh
results_backend_backed_target_apps/backend_backed_target_apps_20260709_full/comparison_static_client.csv,results_backend_backed_target_apps/backend_backed_target_apps_20260709_full/comparison_static_client.csv,19441,2e3b85659dc53108e237b3812190d03eb795841b4f9bc77d32b5b74f4fdadf10,compact backend-backed experiment accounting,2026-09-29-refresh
results_backend_backed_target_apps/backend_backed_target_apps_20260709_full/manifest.json,results_backend_backed_target_apps/backend_backed_target_apps_20260709_full/manifest.json,1764513,57a70074fbd786d481ddfa0f7fbcbc0f8b6d159281668690b19779f2f31f307e,compact backend-backed experiment accounting,2026-09-29-refresh
results_backend_backed_target_apps/backend_backed_target_apps_20260709_full/progress.jsonl,results_backend_backed_target_apps/backend_backed_target_apps_20260709_full/progress.jsonl,6227027,bb185bba9b6c201cfbdcb697d66de4951e3b6345009ef1dcf82e2fc55aef779b,compact backend-backed experiment accounting,2026-09-29-refresh
results_backend_backed_target_apps/backend_backed_target_apps_20260709_full/raw_backend_runs.csv,results_backend_backed_target_apps/backend_backed_target_apps_20260709_full/raw_backend_runs.csv,816347,bd77b6f70f53c95923de7fa3f7356089cb2dedb794345defa4125f78ff67b3a7,compact backend-backed experiment accounting,2026-09-29-refresh
results_backend_backed_target_apps/backend_backed_target_apps_20260709_full/raw_backend_scenarios.csv,results_backend_backed_target_apps/backend_backed_target_apps_20260709_full/raw_backend_scenarios.csv,12648889,5ff663376ce6758340555e2ef8518582a37ddc1bd55b08c01ab6b353aa34b31b,compact backend-backed experiment accounting,2026-09-29-refresh
results_iterative_repair_full_matrix/README.md,results_iterative_repair_full_matrix/README.md,2121,21e793da9866746f8ddf6facf3b87ffdf6c3caff802ed65f046edd6318a179bd,repair runner and fixed-denominator accounting,2026-09-29-refresh
results_iterative_repair_full_matrix/aggregate_public_feedback_ad_subset.py,results_iterative_repair_full_matrix/aggregate_public_feedback_ad_subset.py,29633,1fe0c98dfcafd463886f48937ee4dae1f701bd29a4a506264c968c343f844414,repair runner and fixed-denominator accounting,2026-09-29-refresh
results_iterative_repair_full_matrix/complete_ad_subset_report.md,results_iterative_repair_full_matrix/complete_ad_subset_report.md,1566,60cc392e2287b2d42347fa206afcd949fe233e53566ce4aa340e887ae5a554b1,repair runner and fixed-denominator accounting,2026-09-29-refresh
results_iterative_repair_full_matrix/complete_ad_subset_snapshot_20260709T141927Z.json,results_iterative_repair_full_matrix/complete_ad_subset_snapshot_20260709T141927Z.json,13107,40f0c166d6c1244726c75539e460966b3f7bcf3aebac932864fc1000ab7987bd,repair runner and fixed-denominator accounting,2026-09-29-refresh
results_iterative_repair_full_matrix/fixed_denominator_current_snapshot.md,results_iterative_repair_full_matrix/fixed_denominator_current_snapshot.md,2924,72550f1bdf894f8223e8b78f947c3697e3dfadf7d23bea1cb143f0f890f2101e,repair runner and fixed-denominator accounting,2026-09-29-refresh
results_iterative_repair_full_matrix/fixed_denominator_final_snapshot_20260709T134318Z.json,results_iterative_repair_full_matrix/fixed_denominator_final_snapshot_20260709T134318Z.json,9225,934d86effba61964ce34b8938d61e14d3c8ec1576ab6741417f788562335ce9c,repair runner and fixed-denominator accounting,2026-09-29-refresh
results_iterative_repair_full_matrix/fixed_denominator_final_snapshot_20260709T134451Z.json,results_iterative_repair_full_matrix/fixed_denominator_final_snapshot_20260709T134451Z.json,9225,21b49f9a8289587977ddf539b5b0fec4db4e30b80b16c7fe1027aef4ff6c14c5,repair runner and fixed-denominator accounting,2026-09-29-refresh
results_iterative_repair_full_matrix/fixed_denominator_final_snapshot_20260709T134619Z.json,results_iterative_repair_full_matrix/fixed_denominator_final_snapshot_20260709T134619Z.json,9225,6635119efce9edc4fb7753e1ec966f12754a411d6c83f3eed5373d9bfc5575a7,repair runner and fixed-denominator accounting,2026-09-29-refresh
results_iterative_repair_full_matrix/fixed_denominator_snapshot_20260709T093220Z.json,results_iterative_repair_full_matrix/fixed_denominator_snapshot_20260709T093220Z.json,6386,b7059e1bb025f5cc04661fa08abd25592083e7812e5e9f4ee426948d668299d3,repair runner and fixed-denominator accounting,2026-09-29-refresh
results_iterative_repair_full_matrix/iterative_repair_full_matrix_final_report.md,results_iterative_repair_full_matrix/iterative_repair_full_matrix_final_report.md,2924,72550f1bdf894f8223e8b78f947c3697e3dfadf7d23bea1cb143f0f890f2101e,repair runner and fixed-denominator accounting,2026-09-29-refresh
results_iterative_repair_full_matrix/omitted_cell_artifact_audit.md,results_iterative_repair_full_matrix/omitted_cell_artifact_audit.md,2415,9a4bf8fb0183945958851eb8bf01fd08f980844c3a54887fa145157c09e697ff,repair runner and fixed-denominator accounting,2026-09-29-refresh
results_iterative_repair_full_matrix/run_iterative_repair_full_matrix.py,results_iterative_repair_full_matrix/run_iterative_repair_full_matrix.py,39831,f435ae7585235a7c63adccf02ef0dc84628ba61881403c96371324429c75b925,repair runner and fixed-denominator accounting,2026-09-29-refresh
results_iterative_repair_full_matrix/run_iterative_repair_public_feedback_ad_subset.py,results_iterative_repair_full_matrix/run_iterative_repair_public_feedback_ad_subset.py,45713,0e76c1bd92190d93edd349b37c40b897bc3c9495a567a1749bed0a3dfec73007,repair runner and fixed-denominator accounting,2026-09-29-refresh
results_iterative_repair_public_feedback_ad_subset/public_feedback_ad_20260709_report.md,results_iterative_repair_public_feedback_ad_subset/public_feedback_ad_20260709_report.md,2983,45237cd6f9aa149af04951e4bc4b46b879fe5444f5a0387f7d488aff6c76375d,public-feedback repair report,2026-09-29-refresh
results_missing_families_full_rerun/detached_runner_command.json,results_missing_families_full_rerun/detached_runner_command.json,657,3cf50a736e9be0e8d021b6cc96a35ab711b1e7d511d852a1ff30512246a54d07,compact final six-family repair summary,2026-09-29-refresh
results_missing_families_full_rerun/detached_runner_gemini35_flash_latest_command.json,results_missing_families_full_rerun/detached_runner_gemini35_flash_latest_command.json,650,c5db1c706bf98a7896711f6a655f6e1bc16789c96a7c37d80ead9fe97b91df29,compact final six-family repair summary,2026-09-29-refresh
results_missing_families_full_rerun/run_config.json,results_missing_families_full_rerun/run_config.json,3026,6124a8a204c749fa9551ade53cf429e60c32f1c978ce9308ded3a9032c12fae8,compact final six-family repair summary,2026-09-29-refresh
results_missing_families_full_rerun/summary/backend_backed_summary.csv,results_missing_families_full_rerun/summary/backend_backed_summary.csv,13140,01d501f64a16b9259118461e402bc3bb624a4d73e80ed6105a5b1563ce1047db,compact final six-family repair summary,2026-09-29-refresh
results_missing_families_full_rerun/summary/backend_runtime_failures_report.csv,results_missing_families_full_rerun/summary/backend_runtime_failures_report.csv,72171,e011107c22971368a448df92055ada758562a44400ee1e17e5459a0eb79c9e4d,compact final six-family repair summary,2026-09-29-refresh
results_missing_families_full_rerun/summary/combined_missing_families_summary.csv,results_missing_families_full_rerun/summary/combined_missing_families_summary.csv,919,dc698bb19263109fb27292d3e5f4824e689ec8d3c5becfc20544b3ad73715055,compact final six-family repair summary,2026-09-29-refresh
results_missing_families_full_rerun/summary/full_matrix_public_feedback_breakdown.json,results_missing_families_full_rerun/summary/full_matrix_public_feedback_breakdown.json,104510,2a933c95c4b127b4e4ea13a255ef11e5ab22fb7ab281bc7f01def2b5d66d062f,compact final six-family repair summary,2026-09-29-refresh
results_missing_families_full_rerun/summary/full_matrix_public_feedback_breakdown_report.md,results_missing_families_full_rerun/summary/full_matrix_public_feedback_breakdown_report.md,4809,a67162f110ff9bd3e135ba762f36be17cd2e496a19c0c8fe00636663c62a7111,compact final six-family repair summary,2026-09-29-refresh
results_missing_families_full_rerun/summary/full_matrix_public_feedback_by_family.csv,results_missing_families_full_rerun/summary/full_matrix_public_feedback_by_family.csv,2022,c68a5a4b780ce8421815783da1693e3e12f7dbde8adff517d8afab5cb2c38a35,compact final six-family repair summary,2026-09-29-refresh
results_missing_families_full_rerun/summary/full_matrix_public_feedback_by_family_tier.csv,results_missing_families_full_rerun/summary/full_matrix_public_feedback_by_family_tier.csv,7833,9ca0a3b7268d54788da43f56a18776eedbffb70571c3b7d3c9ebe484745d21f7,compact final six-family repair summary,2026-09-29-refresh
results_missing_families_full_rerun/summary/full_matrix_public_feedback_by_group_tier.csv,results_missing_families_full_rerun/summary/full_matrix_public_feedback_by_group_tier.csv,2869,cb47c29c265a5da582324deebd90ed249a239f164f670d8916db27d1b65c37aa,compact final six-family repair summary,2026-09-29-refresh
results_missing_families_full_rerun/summary/full_matrix_public_feedback_by_model.csv,results_missing_families_full_rerun/summary/full_matrix_public_feedback_by_model.csv,2924,85d9fbeb28024fb0f749bff260df8992085f56860800bacca12f013028ba3ab9,compact final six-family repair summary,2026-09-29-refresh
results_missing_families_full_rerun/summary/full_matrix_public_feedback_by_model_tier.csv,results_missing_families_full_rerun/summary/full_matrix_public_feedback_by_model_tier.csv,11091,c68ddd8c97bf10404de2272c4816ce905f9f45c5a46bf2c8ca07979246894ee3,compact final six-family repair summary,2026-09-29-refresh
results_missing_families_full_rerun/summary/full_matrix_public_feedback_by_tier.csv,results_missing_families_full_rerun/summary/full_matrix_public_feedback_by_tier.csv,943,93d6faf0acaafe2b6f071791f54b4137fcd0c99e6b90e498b4cdf41fda306cfe,compact final six-family repair summary,2026-09-29-refresh
results_missing_families_full_rerun/summary/gemini_flash_latest_alias_audit.csv,results_missing_families_full_rerun/summary/gemini_flash_latest_alias_audit.csv,178491,0baca847b254bb23a81b82a6191bc477f5ebd81b0a0eb77aa27bdec8940d4040,compact final six-family repair summary,2026-09-29-refresh
results_missing_families_full_rerun/summary/gemini_flash_latest_invalid_alias_report.csv,results_missing_families_full_rerun/summary/gemini_flash_latest_invalid_alias_report.csv,1,01ba4719c80b6fe911b091a7c05124b64eeece964e09c058ef8f9805daca546b,compact final six-family repair summary,2026-09-29-refresh
results_missing_families_full_rerun/summary/missing_families_detailed_breakdown_report.md,results_missing_families_full_rerun/summary/missing_families_detailed_breakdown_report.md,5650,31e8ce68f7d718e017a2f33bd1f5169d8ae8242996d27234bae5612a13eb76ee,compact final six-family repair summary,2026-09-29-refresh
results_missing_families_full_rerun/summary/missing_families_public_feedback_by_family_tier.csv,results_missing_families_full_rerun/summary/missing_families_public_feedback_by_family_tier.csv,6527,29d55369111298097dd5637bffab8d30831ff1e71bbea04956969681c182d144,compact final six-family repair summary,2026-09-29-refresh
results_missing_families_full_rerun/summary/missing_families_public_feedback_by_group_tier.csv,results_missing_families_full_rerun/summary/missing_families_public_feedback_by_group_tier.csv,5007,98e452d3c2678571d79cfae47591f019535b23287a2ef3ec9d99bb064c486605,compact final six-family repair summary,2026-09-29-refresh
results_missing_families_full_rerun/summary/missing_families_public_feedback_by_model.csv,results_missing_families_full_rerun/summary/missing_families_public_feedback_by_model.csv,4727,602aa1a8b5e72b702a0fa74b1b501da52819d588a8e74b6c463ef20077bc75a8,compact final six-family repair summary,2026-09-29-refresh
results_missing_families_full_rerun/summary/missing_families_public_feedback_by_model_tier.csv,results_missing_families_full_rerun/summary/missing_families_public_feedback_by_model_tier.csv,16732,075db48cb9489617e8be5889e6acffe550b48c93a9b84376a6410c829914b22e,compact final six-family repair summary,2026-09-29-refresh
results_missing_families_full_rerun/summary/missing_families_public_feedback_by_tier.csv,results_missing_families_full_rerun/summary/missing_families_public_feedback_by_tier.csv,1795,a62b0c53cac2dac7f6fea167e5b12dbef87d08382971d7e6c7b577ff5f390a06,compact final six-family repair summary,2026-09-29-refresh
results_missing_families_full_rerun/summary/missing_families_rollup.json,results_missing_families_full_rerun/summary/missing_families_rollup.json,131925,0a4dd29ff63490e2b63d428d2b413aacb037f979662ebdf3f7b0e264530cbfdf,compact final six-family repair summary,2026-09-29-refresh
results_missing_families_full_rerun/summary/missing_families_rollup_report.md,results_missing_families_full_rerun/summary/missing_families_rollup_report.md,2077,760508b32003d853055c5bd1db433b8bf046088c0217e6da5e9506e6a2f2c13d,compact final six-family repair summary,2026-09-29-refresh
results_missing_families_full_rerun/summary/missing_records_report.csv,results_missing_families_full_rerun/summary/missing_records_report.csv,1,01ba4719c80b6fe911b091a7c05124b64eeece964e09c058ef8f9805daca546b,compact final six-family repair summary,2026-09-29-refresh
results_missing_families_full_rerun/summary/public_feedback_audit_report.csv,results_missing_families_full_rerun/summary/public_feedback_audit_report.csv,215608,62a0d3aa9bc7ebc013041b6d0bc2d16dd7d3cb4e80e8fa66cf7b8e50f6b027fe,compact final six-family repair summary,2026-09-29-refresh
results_missing_families_full_rerun/summary/repair_at1_at2_at3_summary.csv,results_missing_families_full_rerun/summary/repair_at1_at2_at3_summary.csv,45240,8afc30c1a84af0e46885382cc0c1bc4a24ea86c4dcb28b56a9493077b34b8f46,compact final six-family repair summary,2026-09-29-refresh
results_missing_families_full_rerun/summary/run_completion_report.json,results_missing_families_full_rerun/summary/run_completion_report.json,484,1b2fd43469011b503afb9524f1dbb4ea04ae37b1b8249cd43f749f72f69cca73,compact final six-family repair summary,2026-09-29-refresh
results_missing_families_full_rerun/summary/run_completion_report.txt,results_missing_families_full_rerun/summary/run_completion_report.txt,356,285d80b4f11ef0f0a38c323c3d50da714a66abb245fce48e2ff1eaa41b7702ed,compact final six-family repair summary,2026-09-29-refresh
results_missing_families_full_rerun/summary/six_family_public_feedback_by_model.csv,results_missing_families_full_rerun/summary/six_family_public_feedback_by_model.csv,2924,85d9fbeb28024fb0f749bff260df8992085f56860800bacca12f013028ba3ab9,compact final six-family repair summary,2026-09-29-refresh
results_missing_families_full_rerun/summary/six_family_public_feedback_by_model_tier.csv,results_missing_families_full_rerun/summary/six_family_public_feedback_by_model_tier.csv,11091,c68ddd8c97bf10404de2272c4816ce905f9f45c5a46bf2c8ca07979246894ee3,compact final six-family repair summary,2026-09-29-refresh
results_missing_families_full_rerun/summary/six_family_public_feedback_by_tier.csv,results_missing_families_full_rerun/summary/six_family_public_feedback_by_tier.csv,943,93d6faf0acaafe2b6f071791f54b4137fcd0c99e6b90e498b4cdf41fda306cfe,compact final six-family repair summary,2026-09-29-refresh
results_missing_families_full_rerun/summary/static_at1_summary.csv,results_missing_families_full_rerun/summary/static_at1_summary.csv,13368,1a41ed72c842519baa8086bca4860151cc84f90e2f6634309a8d5acf8913fce7,compact final six-family repair summary,2026-09-29-refresh
tables/main_model_tier_conformance.tex,tables/main_model_tier_conformance.tex,7621,3d48bcd49de2e9a53b6faae1530229424bc90ee3d5f62344f919035204754b91,main-paper model-tier table,2026-09-29-refresh
targets/web/README.md,targets/web/README.md,2091,7ea781d9cfcba31879e561fdf933c391a75938a96765ef836b81d49b2ca6906f,target contract/scenario/evaluation metadata,2026-05-26-initial-pack
targets/web/campus_registrar_command/README.md,targets/web/campus_registrar_command/README.md,1326,cd98d915c45821a85fefb3613265f9af0ec97f2f4aadb16b18a132189e763a7e,target contract/scenario/evaluation metadata,2026-05-26-initial-pack
targets/web/campus_registrar_command/cohorts/_batches/rerun_missing_20260525T122900Z/README.md,targets/web/campus_registrar_command/cohorts/_batches/rerun_missing_20260525T122900Z/README.md,788,72feba2c05d6157fc1db6c4b2c0a174b88ebcd646143e6d7adea563b775615f3,target contract/scenario/evaluation metadata,2026-05-26-initial-pack
targets/web/campus_registrar_command/cohorts/_batches/rerun_missing_20260525T122900Z/aggregate.json,targets/web/campus_registrar_command/cohorts/_batches/rerun_missing_20260525T122900Z/aggregate.json,12739,6cb178219246ac974cc3c33df3dc425a6cc1af180050a03cc50fbe421ba13bb5,batch-level generation/evaluation metadata,2026-05-26-initial-pack
targets/web/campus_registrar_command/cohorts/_batches/rerun_missing_20260525T122900Z/manifest.json,targets/web/campus_registrar_command/cohorts/_batches/rerun_missing_20260525T122900Z/manifest.json,15668,204f599317814a6a5429372425f90dab630a547d428a270de988a62d5e0c255e,batch-level generation/evaluation metadata,2026-05-26-initial-pack
targets/web/campus_registrar_command/cohorts/_batches/rerun_missing_20260525T122900Z/progress.jsonl,targets/web/campus_registrar_command/cohorts/_batches/rerun_missing_20260525T122900Z/progress.jsonl,719908,63c411f53e4d895fe10d0fa4087ac2e4e1f69b430cf869ccda2bb22a6a5ef76b,batch-level generation/evaluation metadata,2026-05-26-initial-pack
targets/web/campus_registrar_command/cohorts/_batches/rerun_missing_gemini_20260525T132231Z/README.md,targets/web/campus_registrar_command/cohorts/_batches/rerun_missing_gemini_20260525T132231Z/README.md,1640,e9f3aa54387744eab9769736ed96ae1e13f0eaa7652f3d178eba4a6420fcf90a,target contract/scenario/evaluation metadata,2026-05-26-initial-pack
targets/web/campus_registrar_command/cohorts/_batches/rerun_missing_gemini_20260525T132231Z/aggregate.json,targets/web/campus_registrar_command/cohorts/_batches/rerun_missing_gemini_20260525T132231Z/aggregate.json,54419,85b4dc9bf26942a08b62ed3e287d357cb7ddb689f54f70dda4f1e5c8d2aa2e1a,batch-level generation/evaluation metadata,2026-05-26-initial-pack
targets/web/campus_registrar_command/cohorts/_batches/rerun_missing_gemini_20260525T132231Z/manifest.json,targets/web/campus_registrar_command/cohorts/_batches/rerun_missing_gemini_20260525T132231Z/manifest.json,65138,04d32e0a479e72ab36fc584bb540c92e8e6dbba7604f3d318f14a94696eddf9c,batch-level generation/evaluation metadata,2026-05-26-initial-pack
targets/web/campus_registrar_command/cohorts/_batches/rerun_missing_gemini_20260525T132231Z/progress.jsonl,targets/web/campus_registrar_command/cohorts/_batches/rerun_missing_gemini_20260525T132231Z/progress.jsonl,267248,9e8b63c859e0da2c6d005c05dcf3671894178136911c330a1efb6b60cb5f09c2,batch-level generation/evaluation metadata,2026-05-26-initial-pack
targets/web/campus_registrar_command/evaluation_report.md,targets/web/campus_registrar_command/evaluation_report.md,8646,d8cc4ed2db728d56a7c73f3ef3f274b619539f3f7fe14ce0e61a29d0fe7a4e2e,target contract/scenario/evaluation metadata,2026-05-26-initial-pack
targets/web/campus_registrar_command/tier_a/README.md,targets/web/campus_registrar_command/tier_a/README.md,795,c5d25759516aae57b783c7b890dcc22f2742ee12cd0fbef7f67fdbcf7bc701bf,target contract/scenario/evaluation metadata,2026-05-26-initial-pack
targets/web/campus_registrar_command/tier_a/contract.dsl.yaml,targets/web/campus_registrar_command/tier_a/contract.dsl.yaml,20116,2cf53e289eaadc6b7e79746bd51018d136eae7ea1bf82699c9b962e557e30f3c,target contract/scenario/evaluation metadata,2026-05-26-initial-pack
targets/web/campus_registrar_command/tier_a/reference_app/index.html,targets/web/campus_registrar_command/tier_a/reference_app/index.html,17285,89586aa75bd87384d3ef1c4e2f44ce25ec5f9593b96e82af385f473fc88dcbf4,reference implementation source,2026-05-26-initial-pack
targets/web/campus_registrar_command/tier_a/scenarios.private.dsl.yaml,targets/web/campus_registrar_command/tier_a/scenarios.private.dsl.yaml,4437,e04a07d138e7a5790da67a5bd0b8269fa12bae51b79b0dbaf5edd527b4091d0f,target contract/scenario/evaluation metadata,2026-05-26-initial-pack
targets/web/campus_registrar_command/tier_a/scenarios.public.dsl.yaml,targets/web/campus_registrar_command/tier_a/scenarios.public.dsl.yaml,6336,371fe88111eb985dc1d03c57750691bedbd280287bd23049d2b3d504d2b782a4,target contract/scenario/evaluation metadata,2026-05-26-initial-pack
targets/web/campus_registrar_command/tier_b/README.md,targets/web/campus_registrar_command/tier_b/README.md,838,ba0d466d4b37fe01ee72f1a9ab5a81e2b6353fe5b5277fb0296d9a1c96249aed,target contract/scenario/evaluation metadata,2026-05-26-initial-pack
targets/web/campus_registrar_command/tier_b/contract.dsl.yaml,targets/web/campus_registrar_command/tier_b/contract.dsl.yaml,32275,bcd107f092405d92fb9184d79d1a274ff095f9311c9e0ee171620c2a9c329602,target contract/scenario/evaluation metadata,2026-05-26-initial-pack
targets/web/campus_registrar_command/tier_b/reference_app/index.html,targets/web/campus_registrar_command/tier_b/reference_app/index.html,25236,df9e0137dbdf913804ecfdc591b7315a7e48a82f64b8f1e12c07570999b49f17,reference implementation source,2026-05-26-initial-pack
targets/web/campus_registrar_command/tier_b/scenarios.public.dsl.yaml,targets/web/campus_registrar_command/tier_b/scenarios.public.dsl.yaml,9587,402891f2629b1a897319845515e0b8fb880361375fdfb95b6a29b2d31baa9862,target contract/scenario/evaluation metadata,2026-05-26-initial-pack
targets/web/campus_registrar_command/tier_c/README.md,targets/web/campus_registrar_command/tier_c/README.md,1563,1be0bb9e6cf8ab5d0157a7bbbfe9fbe547e3ecebed7343aa1359d79dac81fdf6,target contract/scenario/evaluation metadata,2026-05-26-initial-pack
targets/web/campus_registrar_command/tier_c/contract.dsl.yaml,targets/web/campus_registrar_command/tier_c/contract.dsl.yaml,49798,a6c78589467eaf9d1abfb174a65f6be64734487bcdb1448433913333b47d40ee,target contract/scenario/evaluation metadata,2026-05-26-initial-pack
targets/web/campus_registrar_command/tier_c/reference_app/index.html,targets/web/campus_registrar_command/tier_c/reference_app/index.html,37027,231de7f48faeb98de46214dbc0ac6dfd5882fa91374a93d1bc09bd84acf0917e,reference implementation source,2026-05-26-initial-pack
targets/web/campus_registrar_command/tier_c/scenarios.private.dsl.yaml,targets/web/campus_registrar_command/tier_c/scenarios.private.dsl.yaml,26568,fddf25a3323f874d40544a4f404f767a162f59a70b2eca370b93b08224a95683,target contract/scenario/evaluation metadata,2026-05-26-initial-pack
targets/web/campus_registrar_command/tier_c/scenarios.public.dsl.yaml,targets/web/campus_registrar_command/tier_c/scenarios.public.dsl.yaml,19493,626457d04b4568d24bf3b1af232e1b3c7d793bfb7b64bdf0a4b05bf8aaf586d9,target contract/scenario/evaluation metadata,2026-05-26-initial-pack
targets/web/campus_registrar_command/tier_d/README.md,targets/web/campus_registrar_command/tier_d/README.md,1802,76deee1f1adfbca0eeeff8a67d6b2255f44db05b7ceab5edd9d6281d811f94d8,target contract/scenario/evaluation metadata,2026-05-26-initial-pack
targets/web/campus_registrar_command/tier_d/contract.dsl.yaml,targets/web/campus_registrar_command/tier_d/contract.dsl.yaml,59831,8a1400bceb999ad9f388c7d6283972856e446e62e6cf7849d68528f072071270,target contract/scenario/evaluation metadata,2026-05-26-initial-pack
targets/web/campus_registrar_command/tier_d/reference_app/index.html,targets/web/campus_registrar_command/tier_d/reference_app/index.html,41532,0744f607221f7c39f7e53ef17b177a42869d30abb50dd2c3cf1e2fca5055d066,reference implementation source,2026-05-26-initial-pack
targets/web/campus_registrar_command/tier_d/scenarios.private.dsl.yaml,targets/web/campus_registrar_command/tier_d/scenarios.private.dsl.yaml,19841,3830b423a97ac1da2e480adc4f006ff106c241214a55011713f9a5756138ba00,target contract/scenario/evaluation metadata,2026-05-26-initial-pack
targets/web/campus_registrar_command/tier_d/scenarios.public.dsl.yaml,targets/web/campus_registrar_command/tier_d/scenarios.public.dsl.yaml,26942,b68045f9a7ae88b84be464ec33bf0d85f7c31e1796a59187d7df9d11db28bf4b,target contract/scenario/evaluation metadata,2026-05-26-initial-pack
targets/web/clinic_shift_command/README.md,targets/web/clinic_shift_command/README.md,1094,4e0a21f5b3d597eec801620024b0c02386683dde097a533872eadbf6e88cf1e1,target contract/scenario/evaluation metadata,2026-05-26-initial-pack
targets/web/clinic_shift_command/evaluation_report.md,targets/web/clinic_shift_command/evaluation_report.md,2467,fa746697a7294daff7703dd73c60ecd966bf578d96c1e0185b0a4d2163baf636,target contract/scenario/evaluation metadata,2026-05-26-initial-pack
targets/web/clinic_shift_command/tier_a/cohorts/_batches/20260513T003251Z_clinic_tiera_mtf_10x/aggregate.json,targets/web/clinic_shift_command/tier_a/cohorts/_batches/20260513T003251Z_clinic_tiera_mtf_10x/aggregate.json,5035,df5a06993d1b278c193fbc5bd1052e29064ac8a3341962245e67c96ef750dbf2,batch-level generation/evaluation metadata,2026-05-26-initial-pack
targets/web/clinic_shift_command/tier_a/cohorts/_batches/20260513T003251Z_clinic_tiera_mtf_10x/manifest.json,targets/web/clinic_shift_command/tier_a/cohorts/_batches/20260513T003251Z_clinic_tiera_mtf_10x/manifest.json,221364,4c1f4fbf3989a57e24b975072f58ac5cc8e7d0f85132f66988dcce52fc3698ad,batch-level generation/evaluation metadata,2026-05-26-initial-pack
targets/web/clinic_shift_command/tier_a/cohorts/_batches/20260513T003251Z_clinic_tiera_mtf_10x/progress.jsonl,targets/web/clinic_shift_command/tier_a/cohorts/_batches/20260513T003251Z_clinic_tiera_mtf_10x/progress.jsonl,581876,0a648330ae76f1f6d5d742b08b795d08f1ca8309a5260e3e01849251a60bc1cb,batch-level generation/evaluation metadata,2026-05-26-initial-pack
targets/web/clinic_shift_command/tier_b/README.md,targets/web/clinic_shift_command/tier_b/README.md,1829,91230f85c104d5158be692ae49bcc773ce6c5df343576cf2a187b27db7bb9a3c,target contract/scenario/evaluation metadata,2026-05-26-initial-pack
targets/web/clinic_shift_command/tier_b/cohorts/_batches/20260513T013205Z_clinic_tierb_mtf_10x/aggregate.json,targets/web/clinic_shift_command/tier_b/cohorts/_batches/20260513T013205Z_clinic_tierb_mtf_10x/aggregate.json,4903,bf9b07b66526f30925831caed3f129aa2cabe73f3ee0a462222b270295fed479,batch-level generation/evaluation metadata,2026-05-26-initial-pack
targets/web/clinic_shift_command/tier_b/cohorts/_batches/20260513T013205Z_clinic_tierb_mtf_10x/manifest.json,targets/web/clinic_shift_command/tier_b/cohorts/_batches/20260513T013205Z_clinic_tierb_mtf_10x/manifest.json,235584,d9579c3820bd5eb5084468ffcb179bc352aec048bbb68e6cc5dd2ccf3c0e112f,batch-level generation/evaluation metadata,2026-05-26-initial-pack
targets/web/clinic_shift_command/tier_b/cohorts/_batches/20260513T013205Z_clinic_tierb_mtf_10x/progress.jsonl,targets/web/clinic_shift_command/tier_b/cohorts/_batches/20260513T013205Z_clinic_tierb_mtf_10x/progress.jsonl,611542,fee7157b360fe150f51a2c63416d8bf2ece5d9d50062a968e1d8c1f59ef118bc,batch-level generation/evaluation metadata,2026-05-26-initial-pack
targets/web/clinic_shift_command/tier_b/cohorts/_batches/20260513T022902Z_clinic_tierb_plus_mtf_10x/aggregate.json,targets/web/clinic_shift_command/tier_b/cohorts/_batches/20260513T022902Z_clinic_tierb_plus_mtf_10x/aggregate.json,5016,92ac9d14de57e07d2575dee7ed7cd5490a9ad787fd955bcfe279a58bd38b2655,batch-level generation/evaluation metadata,2026-05-26-initial-pack
targets/web/clinic_shift_command/tier_b/cohorts/_batches/20260513T022902Z_clinic_tierb_plus_mtf_10x/manifest.json,targets/web/clinic_shift_command/tier_b/cohorts/_batches/20260513T022902Z_clinic_tierb_plus_mtf_10x/manifest.json,253229,ee68f7cb41acf3857a531659ed1b70f90ac5031fcd4d86d11b77985128f4fc3f,batch-level generation/evaluation metadata,2026-05-26-initial-pack
targets/web/clinic_shift_command/tier_b/cohorts/_batches/20260513T022902Z_clinic_tierb_plus_mtf_10x/progress.jsonl,targets/web/clinic_shift_command/tier_b/cohorts/_batches/20260513T022902Z_clinic_tierb_plus_mtf_10x/progress.jsonl,669438,bc3f5f1a7fbeb352f17d379f7852ee36b75029018981079b10c9344fb8ad2952,batch-level generation/evaluation metadata,2026-05-26-initial-pack
targets/web/clinic_shift_command/tier_b/contract.dsl.yaml,targets/web/clinic_shift_command/tier_b/contract.dsl.yaml,40928,5ca796e2025bc295bd2155de21ebf827dd2168066aa621b6babfbf78ad8331e4,target contract/scenario/evaluation metadata,2026-05-26-initial-pack
targets/web/clinic_shift_command/tier_b/reference_app/index.html,targets/web/clinic_shift_command/tier_b/reference_app/index.html,35958,ffc740abe798124f0f7b86dd11653531a52e9dff0c872260ff2d08d6c83378b2,reference implementation source,2026-05-26-initial-pack
targets/web/clinic_shift_command/tier_b/scenarios.private.dsl.yaml,targets/web/clinic_shift_command/tier_b/scenarios.private.dsl.yaml,16422,db3939c192d70d5d97a068e81a23c9602466e457cb78de5a8baab856de93096b,target contract/scenario/evaluation metadata,2026-05-26-initial-pack
targets/web/clinic_shift_command/tier_b/scenarios.public.dsl.yaml,targets/web/clinic_shift_command/tier_b/scenarios.public.dsl.yaml,7655,e17bc9b405d80353b55e2a21af29edfc719205dbc984370e6c863ef9a036f2b1,target contract/scenario/evaluation metadata,2026-05-26-initial-pack
targets/web/clinic_shift_command/tier_c/README.md,targets/web/clinic_shift_command/tier_c/README.md,2058,42860743ddbf78f1ad5e83b95c43f92177b3888e0c9af1feca573b6fba60e9ac,target contract/scenario/evaluation metadata,2026-05-26-initial-pack
targets/web/clinic_shift_command/tier_c/cohorts/_batches/20260513T043239Z_clinic_tierc_mtf_10x/aggregate.json,targets/web/clinic_shift_command/tier_c/cohorts/_batches/20260513T043239Z_clinic_tierc_mtf_10x/aggregate.json,4935,feb75bc2fccda92ebb9c1e3bebb8779783add1d1f793663ab63abc77876589af,batch-level generation/evaluation metadata,2026-05-26-initial-pack
targets/web/clinic_shift_command/tier_c/cohorts/_batches/20260513T043239Z_clinic_tierc_mtf_10x/manifest.json,targets/web/clinic_shift_command/tier_c/cohorts/_batches/20260513T043239Z_clinic_tierc_mtf_10x/manifest.json,295884,78557c74b502600bbf17372c3d713e5a20842c642d844e3b234eb75526112142,batch-level generation/evaluation metadata,2026-05-26-initial-pack
targets/web/clinic_shift_command/tier_c/cohorts/_batches/20260513T043239Z_clinic_tierc_mtf_10x/progress.jsonl,targets/web/clinic_shift_command/tier_c/cohorts/_batches/20260513T043239Z_clinic_tierc_mtf_10x/progress.jsonl,736455,ea9a6f6f65c616f76cf029ff9704090bc94e4e608d6fd662194274e54fce1b94,batch-level generation/evaluation metadata,2026-05-26-initial-pack
targets/web/clinic_shift_command/tier_c/cohorts/_batches/20260513T060915Z_clinic_tierc_hardened_mtf_10x/aggregate.json,targets/web/clinic_shift_command/tier_c/cohorts/_batches/20260513T060915Z_clinic_tierc_hardened_mtf_10x/aggregate.json,4922,ebe6acce347f68d7edf1e90480b48e0e2ed2aa6e7305ec8a5dd4195ce995d51a,batch-level generation/evaluation metadata,2026-05-26-initial-pack
targets/web/clinic_shift_command/tier_c/cohorts/_batches/20260513T060915Z_clinic_tierc_hardened_mtf_10x/manifest.json,targets/web/clinic_shift_command/tier_c/cohorts/_batches/20260513T060915Z_clinic_tierc_hardened_mtf_10x/manifest.json,350883,9638c6788e1f2ac5c0bfce88f9396fcdac642438afd9c5b8faa6bc95eac206c9,batch-level generation/evaluation metadata,2026-05-26-initial-pack
targets/web/clinic_shift_command/tier_c/cohorts/_batches/20260513T060915Z_clinic_tierc_hardened_mtf_10x/progress.jsonl,targets/web/clinic_shift_command/tier_c/cohorts/_batches/20260513T060915Z_clinic_tierc_hardened_mtf_10x/progress.jsonl,847347,c7e8bd39bca598d5f20360a47a5be9c1034d1a5a28c0c251fea04298806a95f5,batch-level generation/evaluation metadata,2026-05-26-initial-pack
targets/web/clinic_shift_command/tier_c/cohorts/_batches/20260513T072758Z_clinic_tierc_readiness_mtf_10x/aggregate.json,targets/web/clinic_shift_command/tier_c/cohorts/_batches/20260513T072758Z_clinic_tierc_readiness_mtf_10x/aggregate.json,4957,f972285729b8a1e9a91151e6474719f79c0e35cb6e486c5207575000772488e5,batch-level generation/evaluation metadata,2026-05-26-initial-pack
targets/web/clinic_shift_command/tier_c/cohorts/_batches/20260513T072758Z_clinic_tierc_readiness_mtf_10x/manifest.json,targets/web/clinic_shift_command/tier_c/cohorts/_batches/20260513T072758Z_clinic_tierc_readiness_mtf_10x/manifest.json,369604,65852ad4f08cede5b2fb89ad66b30ae45abbc7e07d497ac136d026d1caf64efe,batch-level generation/evaluation metadata,2026-05-26-initial-pack
targets/web/clinic_shift_command/tier_c/cohorts/_batches/20260513T072758Z_clinic_tierc_readiness_mtf_10x/progress.jsonl,targets/web/clinic_shift_command/tier_c/cohorts/_batches/20260513T072758Z_clinic_tierc_readiness_mtf_10x/progress.jsonl,887755,0e87ae23c270f0917850949c008b726e96373a4fdb17c0a73bf5be741f8c3f35,batch-level generation/evaluation metadata,2026-05-26-initial-pack
targets/web/clinic_shift_command/tier_c/contract.dsl.yaml,targets/web/clinic_shift_command/tier_c/contract.dsl.yaml,70401,12ac9a8e6893701128d022f1610fe7ee0db8199af88de79584cd5e8c93426987,target contract/scenario/evaluation metadata,2026-05-26-initial-pack
targets/web/clinic_shift_command/tier_c/reference_app/index.html,targets/web/clinic_shift_command/tier_c/reference_app/index.html,66373,c254bc548557ff4fbb7b78e7238c5b774a7130c7dfe4bda9377fe56283a17d64,reference implementation source,2026-05-26-initial-pack
targets/web/clinic_shift_command/tier_c/scenarios.private.dsl.yaml,targets/web/clinic_shift_command/tier_c/scenarios.private.dsl.yaml,37812,7b325a19a9e516330f095196d7aa7380b1540b03dfeed22b2a96380141968677,target contract/scenario/evaluation metadata,2026-05-26-initial-pack
targets/web/clinic_shift_command/tier_c/scenarios.public.dsl.yaml,targets/web/clinic_shift_command/tier_c/scenarios.public.dsl.yaml,14760,de538fd773a8b6e850e5b58b0b094db32513a82a31a4bc6d84d05b028b1157c1,target contract/scenario/evaluation metadata,2026-05-26-initial-pack
targets/web/clinic_shift_command/tier_d/README.md,targets/web/clinic_shift_command/tier_d/README.md,1108,b943198add16b2ba6e247254305abfc81bfb64a374862b4b532e71a445b9bf29,target contract/scenario/evaluation metadata,2026-05-26-initial-pack
targets/web/clinic_shift_command/tier_d/cohorts/_batches/rerun_missing_gemini_20260525T132231Z/aggregate.json,targets/web/clinic_shift_command/tier_d/cohorts/_batches/rerun_missing_gemini_20260525T132231Z/aggregate.json,2455,2ce01274a495d57031afcaa615cdb3fdeb4484d46ded6d86226b4905f2d22030,batch-level generation/evaluation metadata,2026-05-26-initial-pack
targets/web/clinic_shift_command/tier_d/cohorts/_batches/rerun_missing_gemini_20260525T132231Z/manifest.json,targets/web/clinic_shift_command/tier_d/cohorts/_batches/rerun_missing_gemini_20260525T132231Z/manifest.json,133078,b4139d3d3dc946dbccbc811b9362721c443f505a62f66bb20348f61e0e3a7558,batch-level generation/evaluation metadata,2026-05-26-initial-pack
targets/web/clinic_shift_command/tier_d/cohorts/_batches/rerun_missing_gemini_20260525T132231Z/progress.jsonl,targets/web/clinic_shift_command/tier_d/cohorts/_batches/rerun_missing_gemini_20260525T132231Z/progress.jsonl,304355,2e59044eb8d1f241599effa7814096392ad7bd19d94a1b7f294bcdfaca569654,batch-level generation/evaluation metadata,2026-05-26-initial-pack
targets/web/clinic_shift_command/tier_d/cohorts/_batches/rerun_missing_nongemini_20260525T171016Z/aggregate.json,targets/web/clinic_shift_command/tier_d/cohorts/_batches/rerun_missing_nongemini_20260525T171016Z/aggregate.json,3783,7aa236d5c8788e2c6ffde1740fd5d607cab4a3d44a9867d64d8ac993c5717d7e,batch-level generation/evaluation metadata,2026-05-26-initial-pack
targets/web/clinic_shift_command/tier_d/cohorts/_batches/rerun_missing_nongemini_20260525T171016Z/manifest.json,targets/web/clinic_shift_command/tier_d/cohorts/_batches/rerun_missing_nongemini_20260525T171016Z/manifest.json,44741,5aaac08d2d2939e179e0117be7546ba336943de9fb15494b8197a2d6f713fb92,batch-level generation/evaluation metadata,2026-05-26-initial-pack
targets/web/clinic_shift_command/tier_d/cohorts/_batches/rerun_missing_nongemini_20260525T171016Z/progress.jsonl,targets/web/clinic_shift_command/tier_d/cohorts/_batches/rerun_missing_nongemini_20260525T171016Z/progress.jsonl,675512,c0f82c274e982ff5c729e4c966d31b5f4fe9aa7a6b607681d1c6df449e5d75ea,batch-level generation/evaluation metadata,2026-05-26-initial-pack
targets/web/clinic_shift_command/tier_d/contract.dsl.yaml,targets/web/clinic_shift_command/tier_d/contract.dsl.yaml,75215,c520140d6d02a110d1808ede103c85fdab1b08060fbf76469d9e050579d42ea7,target contract/scenario/evaluation metadata,2026-05-26-initial-pack
targets/web/clinic_shift_command/tier_d/reference_app/index.html,targets/web/clinic_shift_command/tier_d/reference_app/index.html,70441,572878d83c24083baa4e376e287522282ee627072c5c0f7231f3a8030975ac53,reference implementation source,2026-05-26-initial-pack
targets/web/clinic_shift_command/tier_d/scenarios.private.dsl.yaml,targets/web/clinic_shift_command/tier_d/scenarios.private.dsl.yaml,46802,379ed30a5f307af432ce188c568801e6233faf1e7e8ae8348c01b801291930a3,target contract/scenario/evaluation metadata,2026-05-26-initial-pack
targets/web/clinic_shift_command/tier_d/scenarios.public.dsl.yaml,targets/web/clinic_shift_command/tier_d/scenarios.public.dsl.yaml,15538,9aab9ed6b89388be006832c55ec30e2315d282801082f69fa6d5bdbe8faf9efb,target contract/scenario/evaluation metadata,2026-05-26-initial-pack
targets/web/freshcart_market/README.md,targets/web/freshcart_market/README.md,809,cc65e2f1823abd9bceb7ca9102735ad5208d6ca26f63499d306be32f1b0589fc,target contract/scenario/evaluation metadata,2026-05-26-initial-pack
targets/web/freshcart_market/evaluation_report.md,targets/web/freshcart_market/evaluation_report.md,2588,6a7fec6289761c6e132ecbcb0415405283edd7fc0389b194d9096b33246c0442,target contract/scenario/evaluation metadata,2026-05-26-initial-pack
targets/web/freshcart_market/tier_a/README.md,targets/web/freshcart_market/tier_a/README.md,484,710f19c0e4a445d1504c9712ec65de9056ee366540ed03ecdf1dcabb6b6f687b,target contract/scenario/evaluation metadata,2026-05-26-initial-pack
targets/web/freshcart_market/tier_a/cohorts/_batches/20260511T180907Z/README.md,targets/web/freshcart_market/tier_a/cohorts/_batches/20260511T180907Z/README.md,1022,0bb416acc00f753890514aaf879d368ce690e28d0ed8386014f8c52e31875098,target contract/scenario/evaluation metadata,2026-05-26-initial-pack
targets/web/freshcart_market/tier_a/cohorts/_batches/20260511T180907Z/aggregate.json,targets/web/freshcart_market/tier_a/cohorts/_batches/20260511T180907Z/aggregate.json,3953,2ccc7374be47d753861e332709e665ead97d7f91ee361a3fa5dccaeb1e4830ce,batch-level generation/evaluation metadata,2026-05-26-initial-pack
targets/web/freshcart_market/tier_a/cohorts/_batches/20260511T180907Z/manifest.json,targets/web/freshcart_market/tier_a/cohorts/_batches/20260511T180907Z/manifest.json,53325,46e4e06ea8c171cf96c31b91b066c02bcc85bcd58ae82dcaf39f36a89235d59c,batch-level generation/evaluation metadata,2026-05-26-initial-pack
targets/web/freshcart_market/tier_a/cohorts/_batches/20260511T180907Z/progress.jsonl,targets/web/freshcart_market/tier_a/cohorts/_batches/20260511T180907Z/progress.jsonl,534055,6e63acfd6ff666620047b9db8144917c02f290b3f240760503b85dc4de0a93d2,batch-level generation/evaluation metadata,2026-05-26-initial-pack
targets/web/freshcart_market/tier_a/contract.dsl.yaml,targets/web/freshcart_market/tier_a/contract.dsl.yaml,22921,7731bf4475277942ed3e6c5023ddb2e41be8f88996731d000a98ef0f38fd4f3a,target contract/scenario/evaluation metadata,2026-05-26-initial-pack
targets/web/freshcart_market/tier_a/reference_app/index.html,targets/web/freshcart_market/tier_a/reference_app/index.html,28119,bba83f6402551a3355ffc27c0e7074bb3acff341a105051a532aef20573feb45,reference implementation source,2026-05-26-initial-pack
targets/web/freshcart_market/tier_a/scenarios.private.dsl.yaml,targets/web/freshcart_market/tier_a/scenarios.private.dsl.yaml,10980,4def94720711c8805f0fb66ae07959eac272e22344612dbea8972248bb9e3d41,target contract/scenario/evaluation metadata,2026-05-26-initial-pack
targets/web/freshcart_market/tier_a/scenarios.public.dsl.yaml,targets/web/freshcart_market/tier_a/scenarios.public.dsl.yaml,2746,629a609fe223672d94c9665cd407ac031fa2dbd13c3c3b6987e0a32dee0c084b,target contract/scenario/evaluation metadata,2026-05-26-initial-pack
targets/web/freshcart_market/tier_b/README.md,targets/web/freshcart_market/tier_b/README.md,511,0dcb36d252bbefb33c6ef91bb6c4e6c088bf18f83c3036ab8afb92a44bdf1ec9,target contract/scenario/evaluation metadata,2026-05-26-initial-pack
targets/web/freshcart_market/tier_b/cohorts/_batches/20260512T001651Z/aggregate.json,targets/web/freshcart_market/tier_b/cohorts/_batches/20260512T001651Z/aggregate.json,1218,4171767407f40b569cde6a99f3453260ca5936571e3fc72161769528a3e2cf5d,batch-level generation/evaluation metadata,2026-05-26-initial-pack
targets/web/freshcart_market/tier_b/cohorts/_batches/20260512T001651Z/manifest.json,targets/web/freshcart_market/tier_b/cohorts/_batches/20260512T001651Z/manifest.json,56508,d3e9d436b7006ee9b82f5f3bbadf5835bab1e9b2216f8a5ad739469e7ff1f7f5,batch-level generation/evaluation metadata,2026-05-26-initial-pack
targets/web/freshcart_market/tier_b/cohorts/_batches/20260512T001651Z/progress.jsonl,targets/web/freshcart_market/tier_b/cohorts/_batches/20260512T001651Z/progress.jsonl,145269,e2e0a524d9f328a5d31675b053bca1407472f6ac186336d0191b3cdb40f4035b,batch-level generation/evaluation metadata,2026-05-26-initial-pack
targets/web/freshcart_market/tier_b/cohorts/_batches/20260512T012559Z_redesign_partial/aggregate.json,targets/web/freshcart_market/tier_b/cohorts/_batches/20260512T012559Z_redesign_partial/aggregate.json,850,0ecce5cf7aca5b66d96a7d143c8be4bc7e131ab02546ef6484cb6e11c20b14cc,batch-level generation/evaluation metadata,2026-05-26-initial-pack
targets/web/freshcart_market/tier_b/cohorts/_batches/20260512T012559Z_redesign_partial/manifest.json,targets/web/freshcart_market/tier_b/cohorts/_batches/20260512T012559Z_redesign_partial/manifest.json,71178,88aaa2f888441e0f141345f16ec996905a3f5339085c9b86705ed543a1dcfa65,batch-level generation/evaluation metadata,2026-05-26-initial-pack
targets/web/freshcart_market/tier_b/cohorts/_batches/20260512T012559Z_redesign_partial/progress.jsonl,targets/web/freshcart_market/tier_b/cohorts/_batches/20260512T012559Z_redesign_partial/progress.jsonl,152944,8c401ce1cbed65c05eaf921af52423b360bbe460d0bc4081a54599cbaf19b90c,batch-level generation/evaluation metadata,2026-05-26-initial-pack
targets/web/freshcart_market/tier_b/cohorts/_batches/20260512T015752Z_redesign/aggregate.json,targets/web/freshcart_market/tier_b/cohorts/_batches/20260512T015752Z_redesign/aggregate.json,1221,dd7d7e807c0574044bc1568cc561a838f1f21f5878905ca049efae50a6af3f45,batch-level generation/evaluation metadata,2026-05-26-initial-pack
targets/web/freshcart_market/tier_b/cohorts/_batches/20260512T015752Z_redesign/manifest.json,targets/web/freshcart_market/tier_b/cohorts/_batches/20260512T015752Z_redesign/manifest.json,71178,5973c383f59e50cdf40d5423deeb9382c5456d2313ac0045f2203116d5d1d3be,batch-level generation/evaluation metadata,2026-05-26-initial-pack
targets/web/freshcart_market/tier_b/cohorts/_batches/20260512T015752Z_redesign/progress.jsonl,targets/web/freshcart_market/tier_b/cohorts/_batches/20260512T015752Z_redesign/progress.jsonl,177098,0790396589ecfe47ae722d9dc93e6f44a219754cd81521a03f225c0f55da591f,batch-level generation/evaluation metadata,2026-05-26-initial-pack
targets/web/freshcart_market/tier_b/cohorts/_batches/20260512T025450Z/aggregate.json,targets/web/freshcart_market/tier_b/cohorts/_batches/20260512T025450Z/aggregate.json,2965,7faa317d40f3930929ef745ef91340fdb641d7069bf43fe3b04b297dfe7d7006,batch-level generation/evaluation metadata,2026-05-26-initial-pack
targets/web/freshcart_market/tier_b/cohorts/_batches/20260512T025450Z/manifest.json,targets/web/freshcart_market/tier_b/cohorts/_batches/20260512T025450Z/manifest.json,141272,09fb2d44fb790debb97ba81581f92df9422e399e23da39012db841b120e89ac0,batch-level generation/evaluation metadata,2026-05-26-initial-pack
targets/web/freshcart_market/tier_b/cohorts/_batches/20260512T025450Z/progress.jsonl,targets/web/freshcart_market/tier_b/cohorts/_batches/20260512T025450Z/progress.jsonl,358200,6d970a0f82d7e92167dcd493d40190fb10e05105fa2c3ebc1c276ce203cb64b4,batch-level generation/evaluation metadata,2026-05-26-initial-pack
targets/web/freshcart_market/tier_b/contract.dsl.yaml,targets/web/freshcart_market/tier_b/contract.dsl.yaml,39551,1c2fc7ff51a55b79f600181f5562c7e3fc3a3cb1342e3847618d74c4670fcb7e,target contract/scenario/evaluation metadata,2026-05-26-initial-pack
targets/web/freshcart_market/tier_b/reference_app/index.html,targets/web/freshcart_market/tier_b/reference_app/index.html,34188,17f1a698b9ae0245f246200ec9e6ce33114aaa55eb8f90b023cd52f6031f0cbc,reference implementation source,2026-05-26-initial-pack
targets/web/freshcart_market/tier_b/scenarios.private.dsl.yaml,targets/web/freshcart_market/tier_b/scenarios.private.dsl.yaml,17413,82910b56f692f1d02d6aaf4e56b073e0f4fcbe735d1e3e9e3c9995cc92936bca,target contract/scenario/evaluation metadata,2026-05-26-initial-pack
targets/web/freshcart_market/tier_b/scenarios.public.dsl.yaml,targets/web/freshcart_market/tier_b/scenarios.public.dsl.yaml,3170,356346ab3306aec7205a9d9297ef9d37229d5cbb82b0b38c3e01c8a5c82dd64a,target contract/scenario/evaluation metadata,2026-05-26-initial-pack
targets/web/freshcart_market/tier_c/README.md,targets/web/freshcart_market/tier_c/README.md,912,9671d7927e621cfcf2833f955831133686b33f63426317867d46a91e56256399,target contract/scenario/evaluation metadata,2026-05-26-initial-pack
targets/web/freshcart_market/tier_c/cohorts/_batches/20260512T145000Z_tierc_mtf_10x/manifest.json,targets/web/freshcart_market/tier_c/cohorts/_batches/20260512T145000Z_tierc_mtf_10x/manifest.json,211081,eb1feba28115c79ee574a933629697e79893484542c62e5ba3bd7c4fbf9682b8,batch-level generation/evaluation metadata,2026-05-26-initial-pack
targets/web/freshcart_market/tier_c/cohorts/_batches/20260512T145000Z_tierc_mtf_10x/progress.jsonl,targets/web/freshcart_market/tier_c/cohorts/_batches/20260512T145000Z_tierc_mtf_10x/progress.jsonl,187589,c9c4e89457724f240f138b2254290dc6c76ba0a2ce2e92ea3c718bdbc70832f0,batch-level generation/evaluation metadata,2026-05-26-initial-pack
targets/web/freshcart_market/tier_c/cohorts/_batches/20260512T152227Z_tierc_mtf_10x_genairc/aggregate.json,targets/web/freshcart_market/tier_c/cohorts/_batches/20260512T152227Z_tierc_mtf_10x_genairc/aggregate.json,5061,0bd01abaff6589f76177c74d0960ed4b48b6be511a2b918ffb51514a44718b98,batch-level generation/evaluation metadata,2026-05-26-initial-pack
targets/web/freshcart_market/tier_c/cohorts/_batches/20260512T152227Z_tierc_mtf_10x_genairc/manifest.json,targets/web/freshcart_market/tier_c/cohorts/_batches/20260512T152227Z_tierc_mtf_10x_genairc/manifest.json,212529,34e1f0f4050b918be08521a36640cd0773fcc3154304d00a39b390b878ace818,batch-level generation/evaluation metadata,2026-05-26-initial-pack
targets/web/freshcart_market/tier_c/cohorts/_batches/20260512T152227Z_tierc_mtf_10x_genairc/progress.jsonl,targets/web/freshcart_market/tier_c/cohorts/_batches/20260512T152227Z_tierc_mtf_10x_genairc/progress.jsonl,565981,b9106bca0ee8cfa962403e277d02f77b5aeea6cca6dab6461b65a2386d3a8761,batch-level generation/evaluation metadata,2026-05-26-initial-pack
targets/web/freshcart_market/tier_c/contract.dsl.yaml,targets/web/freshcart_market/tier_c/contract.dsl.yaml,59408,c54b0365f9a7e935fc57bfafe2ebe3b00d467dcce7893b9486713f60480c7f2b,target contract/scenario/evaluation metadata,2026-05-26-initial-pack
targets/web/freshcart_market/tier_c/reference_app/index.html,targets/web/freshcart_market/tier_c/reference_app/index.html,35616,84136e694ce72769cc531fcb8e4c26971828b7dd641679d17ff7ca6bea226aa0,reference implementation source,2026-05-26-initial-pack
targets/web/freshcart_market/tier_c/scenarios.private.dsl.yaml,targets/web/freshcart_market/tier_c/scenarios.private.dsl.yaml,16384,d4092038e577c106d7ddb6a9f1eca0fa0b7a4accccb801ae1194e1565553a84c,target contract/scenario/evaluation metadata,2026-05-26-initial-pack
targets/web/freshcart_market/tier_c/scenarios.public.dsl.yaml,targets/web/freshcart_market/tier_c/scenarios.public.dsl.yaml,5492,eea326382ebb3b4012d848798d28fe0bcd3ed09971eb2ba6d862b7f8eaa5397b,target contract/scenario/evaluation metadata,2026-05-26-initial-pack
targets/web/freshcart_market/tier_d/README.md,targets/web/freshcart_market/tier_d/README.md,1040,b806eb275a4b4a2eafc99dc7f471ec09ab109e875a5e2ec3da2bbbb7b67d8b1c,target contract/scenario/evaluation metadata,2026-05-26-initial-pack
targets/web/freshcart_market/tier_d/cohorts/_batches/rerun_missing_gemini_20260525T132231Z/aggregate.json,targets/web/freshcart_market/tier_d/cohorts/_batches/rerun_missing_gemini_20260525T132231Z/aggregate.json,2391,63a0b7b55edb5191b6170cd5e4bc55bacfa97526ccbe815d436e25440780e803,batch-level generation/evaluation metadata,2026-05-26-initial-pack
targets/web/freshcart_market/tier_d/cohorts/_batches/rerun_missing_gemini_20260525T132231Z/manifest.json,targets/web/freshcart_market/tier_d/cohorts/_batches/rerun_missing_gemini_20260525T132231Z/manifest.json,24662,34671c33bc0e075c8dec794838a2dd67694fc7f8421051c351534196846c643d,batch-level generation/evaluation metadata,2026-05-26-initial-pack
targets/web/freshcart_market/tier_d/cohorts/_batches/rerun_missing_gemini_20260525T132231Z/progress.jsonl,targets/web/freshcart_market/tier_d/cohorts/_batches/rerun_missing_gemini_20260525T132231Z/progress.jsonl,233541,f78149dc25a82365fc46f2c7054551544de50c673e616663a8af8a6c24716625,batch-level generation/evaluation metadata,2026-05-26-initial-pack
targets/web/freshcart_market/tier_d/cohorts/_batches/rerun_missing_nongemini_20260525T171016Z/aggregate.json,targets/web/freshcart_market/tier_d/cohorts/_batches/rerun_missing_nongemini_20260525T171016Z/aggregate.json,3741,bfb09dfdee82522c8b4c39a3aa38dadf99d632272d075d50e92fffeace1f17a4,batch-level generation/evaluation metadata,2026-05-26-initial-pack
targets/web/freshcart_market/tier_d/cohorts/_batches/rerun_missing_nongemini_20260525T171016Z/manifest.json,targets/web/freshcart_market/tier_d/cohorts/_batches/rerun_missing_nongemini_20260525T171016Z/manifest.json,24655,97ab80a2272a301268eb1cde5863426b44db5e37b7e0e9ac878a13bfd7484bed,batch-level generation/evaluation metadata,2026-05-26-initial-pack
targets/web/freshcart_market/tier_d/cohorts/_batches/rerun_missing_nongemini_20260525T171016Z/progress.jsonl,targets/web/freshcart_market/tier_d/cohorts/_batches/rerun_missing_nongemini_20260525T171016Z/progress.jsonl,442054,546591e8d2615b846f368d2ddace6af9cae782af8b55bf2ec9afd2e856a2416a,batch-level generation/evaluation metadata,2026-05-26-initial-pack
targets/web/freshcart_market/tier_d/contract.dsl.yaml,targets/web/freshcart_market/tier_d/contract.dsl.yaml,64617,2070bb3839063cb9fca31b342758f9b8c8511cb0f60a6ac9891893ad440de0eb,target contract/scenario/evaluation metadata,2026-05-26-initial-pack
targets/web/freshcart_market/tier_d/reference_app/index.html,targets/web/freshcart_market/tier_d/reference_app/index.html,38717,4e0364d6b9b7fcd15822129a76485cd63189146438e919bc689167d9eab9fdb7,reference implementation source,2026-05-26-initial-pack
targets/web/freshcart_market/tier_d/scenarios.private.dsl.yaml,targets/web/freshcart_market/tier_d/scenarios.private.dsl.yaml,19165,70097bbe08098ee082ce842cbfe759df23c708761ea8f352c406c7ce588952ba,target contract/scenario/evaluation metadata,2026-05-26-initial-pack
targets/web/freshcart_market/tier_d/scenarios.public.dsl.yaml,targets/web/freshcart_market/tier_d/scenarios.public.dsl.yaml,6189,ac20611608986326476b8c5f2c73c0f33a2fd6ff9dfc48dde2f12b450e446243,target contract/scenario/evaluation metadata,2026-05-26-initial-pack
targets/web/homefix_hub/README.md,targets/web/homefix_hub/README.md,1039,4a576ebfaef03e4fa6c93161bc2037906bcb073aa62fe5b536079479408d95cb,target contract/scenario/evaluation metadata,2026-05-26-initial-pack
targets/web/homefix_hub/cohorts/_batches/20260514_homefix_all_tiers_10x/README.md,targets/web/homefix_hub/cohorts/_batches/20260514_homefix_all_tiers_10x/README.md,8967,53be69a6292633439e703b8b0e48fd7d76ad10d1fa4251476316716af49382dd,target contract/scenario/evaluation metadata,2026-05-26-initial-pack
targets/web/homefix_hub/cohorts/_batches/20260514_homefix_all_tiers_10x/aggregate.json,targets/web/homefix_hub/cohorts/_batches/20260514_homefix_all_tiers_10x/aggregate.json,449678,9b4ae600c380c8ef01e089f38de10dc2e588234f79309f2647a5fbb69372ce69,batch-level generation/evaluation metadata,2026-05-26-initial-pack
targets/web/homefix_hub/cohorts/_batches/20260514_homefix_all_tiers_10x/manifest.json,targets/web/homefix_hub/cohorts/_batches/20260514_homefix_all_tiers_10x/manifest.json,549753,2c24f7f0b75313a9fb9bebf0301e21b8bd76ee983e75a7d4f7c047d583deffae,batch-level generation/evaluation metadata,2026-05-26-initial-pack
targets/web/homefix_hub/cohorts/_batches/20260514_homefix_all_tiers_10x/progress.jsonl,targets/web/homefix_hub/cohorts/_batches/20260514_homefix_all_tiers_10x/progress.jsonl,2332695,6ca454aa0a731654fa38654c865eb39c7cc12e6707eace2736a0662090040297,batch-level generation/evaluation metadata,2026-05-26-initial-pack
targets/web/homefix_hub/cohorts/_batches/20260514_homefix_cd_recalibrated2_f_10x/README.md,targets/web/homefix_hub/cohorts/_batches/20260514_homefix_cd_recalibrated2_f_10x/README.md,1585,7c40c036b6e26995e1d05b73da315b3c79e6f7e7a66fa0d8ef76374e8aac1aad,target contract/scenario/evaluation metadata,2026-05-26-initial-pack
targets/web/homefix_hub/cohorts/_batches/20260514_homefix_cd_recalibrated2_f_10x/aggregate.json,targets/web/homefix_hub/cohorts/_batches/20260514_homefix_cd_recalibrated2_f_10x/aggregate.json,51347,7d003b7c5318419b587f53d946efc79ced9c5fa20c5aeff21e7fcc67d85c178e,batch-level generation/evaluation metadata,2026-05-26-initial-pack
targets/web/homefix_hub/cohorts/_batches/20260514_homefix_cd_recalibrated2_f_10x/manifest.json,targets/web/homefix_hub/cohorts/_batches/20260514_homefix_cd_recalibrated2_f_10x/manifest.json,66120,8e9e33a8dd15c2be4530ba41dd880a41a33243a2bea159880374d247c6e14b28,batch-level generation/evaluation metadata,2026-05-26-initial-pack
targets/web/homefix_hub/cohorts/_batches/20260514_homefix_cd_recalibrated2_f_10x/progress.jsonl,targets/web/homefix_hub/cohorts/_batches/20260514_homefix_cd_recalibrated2_f_10x/progress.jsonl,1347167,85fffdc8cfef00ad40487d125888e6548f09beaa40b66bcc826270df577c9d83,batch-level generation/evaluation metadata,2026-05-26-initial-pack
targets/web/homefix_hub/evaluation_report.md,targets/web/homefix_hub/evaluation_report.md,4327,824e84337dedba06db5b84fa6f4289d63e465ba9f983e1e65436b0c98b8a6e7d,target contract/scenario/evaluation metadata,2026-05-26-initial-pack
targets/web/homefix_hub/tier_a/README.md,targets/web/homefix_hub/tier_a/README.md,572,01b1c9e28b0e0a52a8cc961b7edcd79ab8e52f1d5448b6b262f0ac33a39e478d,target contract/scenario/evaluation metadata,2026-05-26-initial-pack
targets/web/homefix_hub/tier_a/contract.dsl.yaml,targets/web/homefix_hub/tier_a/contract.dsl.yaml,16456,2447139dee90fc72bc721e1022d2c5b4fd083d67b3a8dc2304ce5e5e7acd953b,target contract/scenario/evaluation metadata,2026-05-26-initial-pack
targets/web/homefix_hub/tier_a/reference_app/index.html,targets/web/homefix_hub/tier_a/reference_app/index.html,23743,105f62834af940834e7748bc5967307439ec48c4527a6f5c648f86efb67c9e16,reference implementation source,2026-05-26-initial-pack
targets/web/homefix_hub/tier_a/scenarios.private.dsl.yaml,targets/web/homefix_hub/tier_a/scenarios.private.dsl.yaml,4400,96b77170ea752dada595d713e62823b4d4e1fe2048ae0f2e2459ae18bce54212,target contract/scenario/evaluation metadata,2026-05-26-initial-pack
targets/web/homefix_hub/tier_a/scenarios.public.dsl.yaml,targets/web/homefix_hub/tier_a/scenarios.public.dsl.yaml,6435,f4c76b173414464fb38ce3f0487a54da5e2686255d216f56a02c464aa4f5bf61,target contract/scenario/evaluation metadata,2026-05-26-initial-pack
targets/web/homefix_hub/tier_b/README.md,targets/web/homefix_hub/tier_b/README.md,590,af6c264c0b90ac27a06593430a87dea1a704b8d25406244422d85bafa1c27b6a,target contract/scenario/evaluation metadata,2026-05-26-initial-pack
targets/web/homefix_hub/tier_b/contract.dsl.yaml,targets/web/homefix_hub/tier_b/contract.dsl.yaml,20406,29d7213397d4d5d5d86e3ea43410adc0f7d052c25542b66c22aa432f9da66df4,target contract/scenario/evaluation metadata,2026-05-26-initial-pack
targets/web/homefix_hub/tier_b/reference_app/index.html,targets/web/homefix_hub/tier_b/reference_app/index.html,24453,e93dbfa1d9fa178c4773d5df1545ca35de8eedd492ff4f148e274c6b7ad2f4dc,reference implementation source,2026-05-26-initial-pack
targets/web/homefix_hub/tier_b/scenarios.private.dsl.yaml,targets/web/homefix_hub/tier_b/scenarios.private.dsl.yaml,5703,eb8da063fe81fb7bef973c97a7cbdff535cd60737006bb3e7105fbbedd46a7cf,target contract/scenario/evaluation metadata,2026-05-26-initial-pack
targets/web/homefix_hub/tier_b/scenarios.public.dsl.yaml,targets/web/homefix_hub/tier_b/scenarios.public.dsl.yaml,8124,524c14bfd1bfe53b14a1e730cdcddcca3a5d4b9d34bd72be2ade53422f63f42a,target contract/scenario/evaluation metadata,2026-05-26-initial-pack
targets/web/homefix_hub/tier_c/README.md,targets/web/homefix_hub/tier_c/README.md,597,ce1b1679b0fefcf90ee1505e9e53ed20ca680a2cb1cd8d5600387bd2302a41d8,target contract/scenario/evaluation metadata,2026-05-26-initial-pack
targets/web/homefix_hub/tier_c/contract.dsl.yaml,targets/web/homefix_hub/tier_c/contract.dsl.yaml,29209,892a722faa7d9c198d9004ddccaaf3f108cfa31f165045648fbf9722299d269d,target contract/scenario/evaluation metadata,2026-05-26-initial-pack
targets/web/homefix_hub/tier_c/reference_app/index.html,targets/web/homefix_hub/tier_c/reference_app/index.html,26876,561981ac6b75e82a0877b871d968230fd2374f5b6dc9d4479528c78d93a350b1,reference implementation source,2026-05-26-initial-pack
targets/web/homefix_hub/tier_c/scenarios.private.dsl.yaml,targets/web/homefix_hub/tier_c/scenarios.private.dsl.yaml,27056,9c956b8bfc94c3f3618a2dca0765fa51337b2397be08d84c0bd5871938f10940,target contract/scenario/evaluation metadata,2026-05-26-initial-pack
targets/web/homefix_hub/tier_c/scenarios.public.dsl.yaml,targets/web/homefix_hub/tier_c/scenarios.public.dsl.yaml,12380,7d0380fa5a393d4512bed5db6239975687f8a6172df1f9d8c3ce3b2c8ccf6709,target contract/scenario/evaluation metadata,2026-05-26-initial-pack
targets/web/homefix_hub/tier_d/README.md,targets/web/homefix_hub/tier_d/README.md,625,f38d8f27f726936f64c7ff7934f5dfb9a6b9dabacdeaefec1ec41b65024d3c9d,target contract/scenario/evaluation metadata,2026-05-26-initial-pack
targets/web/homefix_hub/tier_d/contract.dsl.yaml,targets/web/homefix_hub/tier_d/contract.dsl.yaml,36524,0e8183ca979023b5831861f49374ee02970bd4dde83ae481bc9cee669a80877a,target contract/scenario/evaluation metadata,2026-05-26-initial-pack
targets/web/homefix_hub/tier_d/reference_app/index.html,targets/web/homefix_hub/tier_d/reference_app/index.html,29370,b52698fe7e42fee9d94c39ed6253b830a4631e2c34fd5fc231835057d534f021,reference implementation source,2026-05-26-initial-pack
targets/web/homefix_hub/tier_d/scenarios.private.dsl.yaml,targets/web/homefix_hub/tier_d/scenarios.private.dsl.yaml,53348,cc7e2dfc741de0009311901b96e32155864e3a699b550ade51849bfaf5a992fb,target contract/scenario/evaluation metadata,2026-05-26-initial-pack
targets/web/homefix_hub/tier_d/scenarios.public.dsl.yaml,targets/web/homefix_hub/tier_d/scenarios.public.dsl.yaml,10661,c3be7f447171313e2533311fdf0666953d5482a120c8a5a4a761bcbab2c53ea3,target contract/scenario/evaluation metadata,2026-05-26-initial-pack
targets/web/media_campaign_launch_desk/README.md,targets/web/media_campaign_launch_desk/README.md,1466,9eaeae2c939683a65ee00a4150ccb27b3241f31a56378b92549bd30423f4de72,target contract/scenario/evaluation metadata,2026-05-26-initial-pack
targets/web/media_campaign_launch_desk/cohorts/_batches/rerun_missing_20260525T122900Z/manifest.json,targets/web/media_campaign_launch_desk/cohorts/_batches/rerun_missing_20260525T122900Z/manifest.json,284825,8e6ae353a0fac20dde8a55bf16de0b83a8daad9c0cd7d8c4ab8afb03fa972b86,batch-level generation/evaluation metadata,2026-05-26-initial-pack
targets/web/media_campaign_launch_desk/cohorts/_batches/rerun_missing_20260525T122900Z/progress.jsonl,targets/web/media_campaign_launch_desk/cohorts/_batches/rerun_missing_20260525T122900Z/progress.jsonl,47669,61af3f7ff7b9baaa117a16dc31e811a3c1c6a1adfe13e98de782651ca086762c,batch-level generation/evaluation metadata,2026-05-26-initial-pack
targets/web/media_campaign_launch_desk/cohorts/_batches/rerun_missing_gemini_20260525T132231Z/README.md,targets/web/media_campaign_launch_desk/cohorts/_batches/rerun_missing_gemini_20260525T132231Z/README.md,908,5c81c032fafa876201ca6607ca13b65a408b08483a020856b7b0610be23dd58b,target contract/scenario/evaluation metadata,2026-05-26-initial-pack
targets/web/media_campaign_launch_desk/cohorts/_batches/rerun_missing_gemini_20260525T132231Z/aggregate.json,targets/web/media_campaign_launch_desk/cohorts/_batches/rerun_missing_gemini_20260525T132231Z/aggregate.json,14238,d7bd344ace8ee3bcfd33be50d22286823981e4f4fda7e9e1eab8e1ecf58e0fec,batch-level generation/evaluation metadata,2026-05-26-initial-pack
targets/web/media_campaign_launch_desk/cohorts/_batches/rerun_missing_gemini_20260525T132231Z/manifest.json,targets/web/media_campaign_launch_desk/cohorts/_batches/rerun_missing_gemini_20260525T132231Z/manifest.json,16585,23a2f8d78bc8bb8c7a1c67d4e52886f19103f8fedaf2900e6e9882f9dbc3b676,batch-level generation/evaluation metadata,2026-05-26-initial-pack
targets/web/media_campaign_launch_desk/cohorts/_batches/rerun_missing_gemini_20260525T132231Z/progress.jsonl,targets/web/media_campaign_launch_desk/cohorts/_batches/rerun_missing_gemini_20260525T132231Z/progress.jsonl,309087,2211c3eb05dfb2b839a30cc2a6981fa8799b56744d7f835bfa34c0990f155ef4,batch-level generation/evaluation metadata,2026-05-26-initial-pack
targets/web/media_campaign_launch_desk/cohorts/_batches/rerun_missing_nongemini_20260525T171016Z/README.md,targets/web/media_campaign_launch_desk/cohorts/_batches/rerun_missing_nongemini_20260525T171016Z/README.md,3602,acc5e760c5727ca75afc026b2864548c6bee80638f1622d1932abe307e57e3a1,target contract/scenario/evaluation metadata,2026-05-26-initial-pack
targets/web/media_campaign_launch_desk/cohorts/_batches/rerun_missing_nongemini_20260525T171016Z/aggregate.json,targets/web/media_campaign_launch_desk/cohorts/_batches/rerun_missing_nongemini_20260525T171016Z/aggregate.json,157989,e2dfcf5d34638872d7a662a4ed0d2c38b000cd402f4e1497c057515508772eb6,batch-level generation/evaluation metadata,2026-05-26-initial-pack
targets/web/media_campaign_launch_desk/cohorts/_batches/rerun_missing_nongemini_20260525T171016Z/manifest.json,targets/web/media_campaign_launch_desk/cohorts/_batches/rerun_missing_nongemini_20260525T171016Z/manifest.json,191269,e66b19bb48d6687a52bf0a709f77069af23da716f4b9464388c91161ea276d1c,batch-level generation/evaluation metadata,2026-05-26-initial-pack
targets/web/media_campaign_launch_desk/cohorts/_batches/rerun_missing_nongemini_20260525T171016Z/progress.jsonl,targets/web/media_campaign_launch_desk/cohorts/_batches/rerun_missing_nongemini_20260525T171016Z/progress.jsonl,615888,77f86d1c85090a2d00baedfe99be69eadc5e91f2292e4725bdce8e2418e51ad3,batch-level generation/evaluation metadata,2026-05-26-initial-pack
targets/web/media_campaign_launch_desk/evaluation_report.md,targets/web/media_campaign_launch_desk/evaluation_report.md,8397,e009960d523623e9718efd29453b4e57e785a2dcf3e7a136fd440219a955b329,target contract/scenario/evaluation metadata,2026-05-26-initial-pack
targets/web/media_campaign_launch_desk/tier_a/README.md,targets/web/media_campaign_launch_desk/tier_a/README.md,836,2ecfd469c421eb8cc9931700a01279e85e7d71ab0dbf20a270d55ebc22b7fedd,target contract/scenario/evaluation metadata,2026-05-26-initial-pack
targets/web/media_campaign_launch_desk/tier_a/contract.dsl.yaml,targets/web/media_campaign_launch_desk/tier_a/contract.dsl.yaml,19901,ca175d2cb0613922bd0c1139702f2686f1e5bdec21936f881c9de04032ec4680,target contract/scenario/evaluation metadata,2026-05-26-initial-pack
targets/web/media_campaign_launch_desk/tier_a/reference_app/index.html,targets/web/media_campaign_launch_desk/tier_a/reference_app/index.html,17186,ea23e8fbe6905ab9ef51475f04ebbdd498066055204d10ce5b9571987397a00a,reference implementation source,2026-05-26-initial-pack
targets/web/media_campaign_launch_desk/tier_a/scenarios.private.dsl.yaml,targets/web/media_campaign_launch_desk/tier_a/scenarios.private.dsl.yaml,5023,ad866689c42e477264ad895d44ca4afe8255b5eca8e4216b74a86060838b4ab4,target contract/scenario/evaluation metadata,2026-05-26-initial-pack
targets/web/media_campaign_launch_desk/tier_a/scenarios.public.dsl.yaml,targets/web/media_campaign_launch_desk/tier_a/scenarios.public.dsl.yaml,6703,139b0e49d40c97592699a3c0d372236028c6a7551f0af279dd06dfc8b4b51b2a,target contract/scenario/evaluation metadata,2026-05-26-initial-pack
targets/web/media_campaign_launch_desk/tier_b/README.md,targets/web/media_campaign_launch_desk/tier_b/README.md,893,4f2818d81dae0d2f1f66887cf5a45f40a158e3b139169fc5ff4f928f93750ef2,target contract/scenario/evaluation metadata,2026-05-26-initial-pack
targets/web/media_campaign_launch_desk/tier_b/contract.dsl.yaml,targets/web/media_campaign_launch_desk/tier_b/contract.dsl.yaml,26442,df4af6f1bb0378b9bb5c394dd506724fa5a0897fac62e5b9cec647b710ea02fa,target contract/scenario/evaluation metadata,2026-05-26-initial-pack
targets/web/media_campaign_launch_desk/tier_b/reference_app/index.html,targets/web/media_campaign_launch_desk/tier_b/reference_app/index.html,26720,095b8889793bf859746754d3b6feed671c7e4f68a279e29e2fd1368207435204,reference implementation source,2026-05-26-initial-pack
targets/web/media_campaign_launch_desk/tier_b/scenarios.public.dsl.yaml,targets/web/media_campaign_launch_desk/tier_b/scenarios.public.dsl.yaml,11288,fadbe6d6854e19ca165399c5a430bee4f01f4d4f9ba8e71477d6dd4ab358ab4c,target contract/scenario/evaluation metadata,2026-05-26-initial-pack
targets/web/media_campaign_launch_desk/tier_c/README.md,targets/web/media_campaign_launch_desk/tier_c/README.md,807,ffc934fc57043e5f0db7c37fdeb5704edd36c03d299eccd0b2de5d29ed1e1209,target contract/scenario/evaluation metadata,2026-05-26-initial-pack
targets/web/media_campaign_launch_desk/tier_c/contract.dsl.yaml,targets/web/media_campaign_launch_desk/tier_c/contract.dsl.yaml,32653,6c4cd0066937174a5e58254c5b0bd9f41098dfca9145162724c65e3b3daddf38,target contract/scenario/evaluation metadata,2026-05-26-initial-pack
targets/web/media_campaign_launch_desk/tier_c/reference_app/index.html,targets/web/media_campaign_launch_desk/tier_c/reference_app/index.html,32588,f76f1a27684a4705f374814f4f6f66950ba1e049e1b24547ead98d74646499bb,reference implementation source,2026-05-26-initial-pack
targets/web/media_campaign_launch_desk/tier_c/scenarios.private.dsl.yaml,targets/web/media_campaign_launch_desk/tier_c/scenarios.private.dsl.yaml,17395,85f78aabe7963376f536d2fe96d27316a501cc99cb313d49a0af2c1dd755f590,target contract/scenario/evaluation metadata,2026-05-26-initial-pack
targets/web/media_campaign_launch_desk/tier_c/scenarios.public.dsl.yaml,targets/web/media_campaign_launch_desk/tier_c/scenarios.public.dsl.yaml,24318,fcdad11764ae7d81d01f677a05bb07ce6ae9d37a0cd79d1364b817367da63d20,target contract/scenario/evaluation metadata,2026-05-26-initial-pack
targets/web/media_campaign_launch_desk/tier_d/README.md,targets/web/media_campaign_launch_desk/tier_d/README.md,915,bfbbaf23361f0d6299cd7d87bb6fea1e80dbb99b215c2884a0ec7ec1b957ff4a,target contract/scenario/evaluation metadata,2026-05-26-initial-pack
targets/web/media_campaign_launch_desk/tier_d/contract.dsl.yaml,targets/web/media_campaign_launch_desk/tier_d/contract.dsl.yaml,48537,42eb5c6bc5026bb7b80f66eb447ac06749df7147a1b77e3f27550de14e9bfab7,target contract/scenario/evaluation metadata,2026-05-26-initial-pack
targets/web/media_campaign_launch_desk/tier_d/reference_app/index.html,targets/web/media_campaign_launch_desk/tier_d/reference_app/index.html,42364,da86ec2bb3cea3a37bfbbfcc82f8f439a53fd6d1c35752d866101b6dd410453f,reference implementation source,2026-05-26-initial-pack
targets/web/media_campaign_launch_desk/tier_d/scenarios.private.dsl.yaml,targets/web/media_campaign_launch_desk/tier_d/scenarios.private.dsl.yaml,37410,9b641f060fb59c10c5f64f04e9fa2c273111e13a8ec5cd61d5f7337b3fc5a108,target contract/scenario/evaluation metadata,2026-05-26-initial-pack
targets/web/media_campaign_launch_desk/tier_d/scenarios.public.dsl.yaml,targets/web/media_campaign_launch_desk/tier_d/scenarios.public.dsl.yaml,23758,104a7fd19dba537a30171f90a30c060945da6760df87ad318162615112e50ea3,target contract/scenario/evaluation metadata,2026-05-26-initial-pack
targets/web/stayflow_concierge/README.md,targets/web/stayflow_concierge/README.md,670,830b77c2815e3773325b829b2c3f12f6a9c047f410c369887d5b1a071b4831fd,target contract/scenario/evaluation metadata,2026-05-26-initial-pack
targets/web/stayflow_concierge/cohorts/_batches/20260511_stayflow_ab_mtf_10x/README.md,targets/web/stayflow_concierge/cohorts/_batches/20260511_stayflow_ab_mtf_10x/README.md,1084,1c83e5b49554bad4232c0c3fd8b26a84632ff3df85a2cee94aa05c184fcffcb9,target contract/scenario/evaluation metadata,2026-05-26-initial-pack
targets/web/stayflow_concierge/cohorts/_batches/20260511_stayflow_ab_mtf_10x/aggregate.json,targets/web/stayflow_concierge/cohorts/_batches/20260511_stayflow_ab_mtf_10x/aggregate.json,25443,3c8b4d4237c9d34a1bc7960d5bac08817c9bd3357f66de7652b8a89bdcb9dc13,batch-level generation/evaluation metadata,2026-05-26-initial-pack
targets/web/stayflow_concierge/cohorts/_batches/20260511_stayflow_ab_mtf_10x/manifest.json,targets/web/stayflow_concierge/cohorts/_batches/20260511_stayflow_ab_mtf_10x/manifest.json,30337,53f18bb21babaf865e77bcadaa6b0161d20d3a5b31d7a51c6456f12bf7a43cd4,batch-level generation/evaluation metadata,2026-05-26-initial-pack
targets/web/stayflow_concierge/cohorts/_batches/20260511_stayflow_ab_mtf_10x/progress.jsonl,targets/web/stayflow_concierge/cohorts/_batches/20260511_stayflow_ab_mtf_10x/progress.jsonl,31942,b4a14ba89832b44dc9745912778187cbb4e49c4543d50e588e5d49fdee0b1c7b,batch-level generation/evaluation metadata,2026-05-26-initial-pack
targets/web/stayflow_concierge/cohorts/_batches/rerun_missing_gemini_20260525T132231Z/README.md,targets/web/stayflow_concierge/cohorts/_batches/rerun_missing_gemini_20260525T132231Z/README.md,811,fc5053140e561bf5cf82148ae0ccd4701dd94a8cb8a89a9c7cb776f5a4f09ddc,target contract/scenario/evaluation metadata,2026-05-26-initial-pack
targets/web/stayflow_concierge/cohorts/_batches/rerun_missing_gemini_20260525T132231Z/aggregate.json,targets/web/stayflow_concierge/cohorts/_batches/rerun_missing_gemini_20260525T132231Z/aggregate.json,13484,5d6005ccd18999c39e0a16757535ae30e9fb1f3559e7668950fd74ce471d23a8,batch-level generation/evaluation metadata,2026-05-26-initial-pack
targets/web/stayflow_concierge/cohorts/_batches/rerun_missing_gemini_20260525T132231Z/manifest.json,targets/web/stayflow_concierge/cohorts/_batches/rerun_missing_gemini_20260525T132231Z/manifest.json,18625,6bc7980d212e8913fbde311ddd76b0804701953e1fe57b9f179d4721ed2282e0,batch-level generation/evaluation metadata,2026-05-26-initial-pack
targets/web/stayflow_concierge/cohorts/_batches/rerun_missing_gemini_20260525T132231Z/progress.jsonl,targets/web/stayflow_concierge/cohorts/_batches/rerun_missing_gemini_20260525T132231Z/progress.jsonl,161164,7fe0cb3cbdc057006633ea9a8565699e822e4f69e51ecad799b0a588905913cb,batch-level generation/evaluation metadata,2026-05-26-initial-pack
targets/web/stayflow_concierge/cohorts/_batches/rerun_missing_nongemini_20260525T171016Z/README.md,targets/web/stayflow_concierge/cohorts/_batches/rerun_missing_nongemini_20260525T171016Z/README.md,1892,324a2d96c1dc89719b19be253ff9b82599f66b171c3ddc54ea52ed9b18ee262d,target contract/scenario/evaluation metadata,2026-05-26-initial-pack
targets/web/stayflow_concierge/cohorts/_batches/rerun_missing_nongemini_20260525T171016Z/aggregate.json,targets/web/stayflow_concierge/cohorts/_batches/rerun_missing_nongemini_20260525T171016Z/aggregate.json,77224,e6dc7a04a9f47cf6638002d319195861dd851f9f813dd7d0355de878cd0f5579,batch-level generation/evaluation metadata,2026-05-26-initial-pack
targets/web/stayflow_concierge/cohorts/_batches/rerun_missing_nongemini_20260525T171016Z/manifest.json,targets/web/stayflow_concierge/cohorts/_batches/rerun_missing_nongemini_20260525T171016Z/manifest.json,109713,9537d0ad3b308f9c4e9ab456f1f218f9445bb5364adcc87af161b73c15a8a102,batch-level generation/evaluation metadata,2026-05-26-initial-pack
targets/web/stayflow_concierge/cohorts/_batches/rerun_missing_nongemini_20260525T171016Z/progress.jsonl,targets/web/stayflow_concierge/cohorts/_batches/rerun_missing_nongemini_20260525T171016Z/progress.jsonl,305095,95fa5b2559c27a69c4e82bd5d3e11717c009a6b7268310b9f4ba7304df0e11ae,batch-level generation/evaluation metadata,2026-05-26-initial-pack
targets/web/stayflow_concierge/cohorts/_batches/stayflow-tier-c-20260511T153500Z/README.md,targets/web/stayflow_concierge/cohorts/_batches/stayflow-tier-c-20260511T153500Z/README.md,858,be9aa294fd8efaaa042dcc1bd5cbcb79eeca4554ba5a8fe5559efbfdd9581cc7,target contract/scenario/evaluation metadata,2026-05-26-initial-pack
targets/web/stayflow_concierge/cohorts/_batches/stayflow-tier-c-20260511T153500Z/aggregate.json,targets/web/stayflow_concierge/cohorts/_batches/stayflow-tier-c-20260511T153500Z/aggregate.json,13956,4c2ba3b31118d9dfd8f0b86231bf7dc478de30ee5de792d3f99c024b04326210,batch-level generation/evaluation metadata,2026-05-26-initial-pack
targets/web/stayflow_concierge/cohorts/_batches/stayflow-tier-c-20260511T153500Z/manifest.json,targets/web/stayflow_concierge/cohorts/_batches/stayflow-tier-c-20260511T153500Z/manifest.json,18370,42951b0f77537907554d5510d9f59c272fd361abec89811fa20a62d0dfd54b6e,batch-level generation/evaluation metadata,2026-05-26-initial-pack
targets/web/stayflow_concierge/cohorts/_batches/stayflow-tier-c-20260511T153500Z/progress.jsonl,targets/web/stayflow_concierge/cohorts/_batches/stayflow-tier-c-20260511T153500Z/progress.jsonl,20537,9206e6293134896db380091f609ee2508b658b855d74b13574102660e01945c6,batch-level generation/evaluation metadata,2026-05-26-initial-pack
targets/web/stayflow_concierge/evaluation_report.md,targets/web/stayflow_concierge/evaluation_report.md,2500,316a2cc7f3a957d29edeb294216bd5ee467cc099a76a5dd67532631c9c502162,target contract/scenario/evaluation metadata,2026-05-26-initial-pack
targets/web/stayflow_concierge/tier_a/README.md,targets/web/stayflow_concierge/tier_a/README.md,3840,3addf2bb26d44a3be06173a09309144e5e7912b4f9f554b6355c04b806a731ca,target contract/scenario/evaluation metadata,2026-05-26-initial-pack
targets/web/stayflow_concierge/tier_a/cohorts/_batches/20260511_stayflow_ab_mtf_10x/README.md,targets/web/stayflow_concierge/tier_a/cohorts/_batches/20260511_stayflow_ab_mtf_10x/README.md,4454,017d5a96d8e9d1b4ecd0720f21ebcc9ade1d8d025878d9304279cf8124fdb713,target contract/scenario/evaluation metadata,2026-05-26-initial-pack
targets/web/stayflow_concierge/tier_a/cohorts/_batches/20260511_stayflow_ab_mtf_10x/aggregate.json,targets/web/stayflow_concierge/tier_a/cohorts/_batches/20260511_stayflow_ab_mtf_10x/aggregate.json,220631,223c2105659a01d63020d7b393f1142cddd6caf00a1049a58fe328405920ca6e,batch-level generation/evaluation metadata,2026-05-26-initial-pack
targets/web/stayflow_concierge/tier_a/cohorts/_batches/20260511_stayflow_ab_mtf_10x/manifest.json,targets/web/stayflow_concierge/tier_a/cohorts/_batches/20260511_stayflow_ab_mtf_10x/manifest.json,233373,629b3b6bdc173d5a176b528a70eb9bf7e5ede819e1c4c1f12ca65c5f7e266322,batch-level generation/evaluation metadata,2026-05-26-initial-pack
targets/web/stayflow_concierge/tier_a/cohorts/_batches/20260511_stayflow_ab_mtf_10x/progress.jsonl,targets/web/stayflow_concierge/tier_a/cohorts/_batches/20260511_stayflow_ab_mtf_10x/progress.jsonl,1722556,3f4fd7f4d3e04c88c0a4328a79f09be8ebb538d648c699f767b866a2405e2aa4,batch-level generation/evaluation metadata,2026-05-26-initial-pack
targets/web/stayflow_concierge/tier_a/contract.dsl.yaml,targets/web/stayflow_concierge/tier_a/contract.dsl.yaml,24244,a12917475ba512d78faa366a91ea82db50cd721993a7c4612d8907c61e962bb5,target contract/scenario/evaluation metadata,2026-05-26-initial-pack
targets/web/stayflow_concierge/tier_a/reference_app/index.html,targets/web/stayflow_concierge/tier_a/reference_app/index.html,38474,f23970b638680768b3322161c8eb35b4f10437ea0cf83244f4cbded4ff34b0ac,reference implementation source,2026-05-26-initial-pack
targets/web/stayflow_concierge/tier_a/scenarios.private.dsl.yaml,targets/web/stayflow_concierge/tier_a/scenarios.private.dsl.yaml,10750,8799598b4c7490048173bf51110c44b97156d38151989aee33bdcd03b75cb48c,target contract/scenario/evaluation metadata,2026-05-26-initial-pack
targets/web/stayflow_concierge/tier_a/scenarios.public.dsl.yaml,targets/web/stayflow_concierge/tier_a/scenarios.public.dsl.yaml,2699,ef6f29966bb8dd16fd2039ed2908933645faddc22f52bae4c3ecd2cd50bbea9a,target contract/scenario/evaluation metadata,2026-05-26-initial-pack
targets/web/stayflow_concierge/tier_b/README.md,targets/web/stayflow_concierge/tier_b/README.md,3020,eb109976c504ad752c3b0336c1713df01f1f712e9150d3ac96599fa3d4649329,target contract/scenario/evaluation metadata,2026-05-26-initial-pack
targets/web/stayflow_concierge/tier_b/cohorts/_batches/20260511_stayflow_ab_mtf_10x/README.md,targets/web/stayflow_concierge/tier_b/cohorts/_batches/20260511_stayflow_ab_mtf_10x/README.md,4454,017d5a96d8e9d1b4ecd0720f21ebcc9ade1d8d025878d9304279cf8124fdb713,target contract/scenario/evaluation metadata,2026-05-26-initial-pack
targets/web/stayflow_concierge/tier_b/cohorts/_batches/20260511_stayflow_ab_mtf_10x/aggregate.json,targets/web/stayflow_concierge/tier_b/cohorts/_batches/20260511_stayflow_ab_mtf_10x/aggregate.json,220631,223c2105659a01d63020d7b393f1142cddd6caf00a1049a58fe328405920ca6e,batch-level generation/evaluation metadata,2026-05-26-initial-pack
targets/web/stayflow_concierge/tier_b/cohorts/_batches/20260511_stayflow_ab_mtf_10x/manifest.json,targets/web/stayflow_concierge/tier_b/cohorts/_batches/20260511_stayflow_ab_mtf_10x/manifest.json,233373,629b3b6bdc173d5a176b528a70eb9bf7e5ede819e1c4c1f12ca65c5f7e266322,batch-level generation/evaluation metadata,2026-05-26-initial-pack
targets/web/stayflow_concierge/tier_b/cohorts/_batches/20260511_stayflow_ab_mtf_10x/progress.jsonl,targets/web/stayflow_concierge/tier_b/cohorts/_batches/20260511_stayflow_ab_mtf_10x/progress.jsonl,1722556,3f4fd7f4d3e04c88c0a4328a79f09be8ebb538d648c699f767b866a2405e2aa4,batch-level generation/evaluation metadata,2026-05-26-initial-pack
targets/web/stayflow_concierge/tier_b/contract.dsl.yaml,targets/web/stayflow_concierge/tier_b/contract.dsl.yaml,31563,299d717f6aa4924da07878908671f433217d4fd9aea31242a6f5a549d77b0a6d,target contract/scenario/evaluation metadata,2026-05-26-initial-pack
targets/web/stayflow_concierge/tier_b/reference_app/index.html,targets/web/stayflow_concierge/tier_b/reference_app/index.html,47670,c4f915aac273156aa39b022a0344be79d76f0ae6e39ad8ee5b8ef663c6d41500,reference implementation source,2026-05-26-initial-pack
targets/web/stayflow_concierge/tier_b/scenarios.private.dsl.yaml,targets/web/stayflow_concierge/tier_b/scenarios.private.dsl.yaml,13823,967f0fee8dfaaf099714fd12cd92ac06ef1b8692647b0bed7ebdea47273de53f,target contract/scenario/evaluation metadata,2026-05-26-initial-pack
targets/web/stayflow_concierge/tier_b/scenarios.public.dsl.yaml,targets/web/stayflow_concierge/tier_b/scenarios.public.dsl.yaml,8895,a5ded8614eb88d986ef49ded442695f955d5ee95744f075e7f1e15dba0608fb4,target contract/scenario/evaluation metadata,2026-05-26-initial-pack
targets/web/stayflow_concierge/tier_c/README.md,targets/web/stayflow_concierge/tier_c/README.md,1795,7e97f914bce0a0c86f017cf46b8ab6f3253c19b2746396e2919a0ded05b86ddf,target contract/scenario/evaluation metadata,2026-05-26-initial-pack
targets/web/stayflow_concierge/tier_c/cohorts/_batches/stayflow-tier-c-20260511T153500Z/README.md,targets/web/stayflow_concierge/tier_c/cohorts/_batches/stayflow-tier-c-20260511T153500Z/README.md,2313,ba083694c08d50d05a7a684ee446f3270a5674c47fefdb6fddfd28d2973b904f,target contract/scenario/evaluation metadata,2026-05-26-initial-pack
targets/web/stayflow_concierge/tier_c/cohorts/_batches/stayflow-tier-c-20260511T153500Z/aggregate.json,targets/web/stayflow_concierge/tier_c/cohorts/_batches/stayflow-tier-c-20260511T153500Z/aggregate.json,111591,550b0bb201e81e241820559e8df32b429a8c3fe60d78b3b0a489bce5d1be1a3c,batch-level generation/evaluation metadata,2026-05-26-initial-pack
targets/web/stayflow_concierge/tier_c/cohorts/_batches/stayflow-tier-c-20260511T153500Z/manifest.json,targets/web/stayflow_concierge/tier_c/cohorts/_batches/stayflow-tier-c-20260511T153500Z/manifest.json,47682,2ddb19d95fa583bd9f87e52ed876516717884d146bfcebdfb28831f17f72808c,batch-level generation/evaluation metadata,2026-05-26-initial-pack
targets/web/stayflow_concierge/tier_c/cohorts/_batches/stayflow-tier-c-20260511T153500Z/progress.jsonl,targets/web/stayflow_concierge/tier_c/cohorts/_batches/stayflow-tier-c-20260511T153500Z/progress.jsonl,643848,12c3c40ad0370c64abcaa94cf8c200b85b3b29083ffcd24d54d655dcd9750247,batch-level generation/evaluation metadata,2026-05-26-initial-pack
targets/web/stayflow_concierge/tier_c/contract.dsl.yaml,targets/web/stayflow_concierge/tier_c/contract.dsl.yaml,40073,ec966d7134e2d797fd5953ab372742d1e46c493919285c16ab657fc2f4c28c8b,target contract/scenario/evaluation metadata,2026-05-26-initial-pack
targets/web/stayflow_concierge/tier_c/reference_app/index.html,targets/web/stayflow_concierge/tier_c/reference_app/index.html,56777,ff8afee8b286ed069b1c01c28c3f89c7e006164eb1457d944b67204612127a6e,reference implementation source,2026-05-26-initial-pack
targets/web/stayflow_concierge/tier_c/scenarios.private.dsl.yaml,targets/web/stayflow_concierge/tier_c/scenarios.private.dsl.yaml,12826,79f2d921716370df44ecd03da473f1cc364385151d1ade459542cac9e389979d,target contract/scenario/evaluation metadata,2026-05-26-initial-pack
targets/web/stayflow_concierge/tier_c/scenarios.public.dsl.yaml,targets/web/stayflow_concierge/tier_c/scenarios.public.dsl.yaml,12305,ef8d1b5311f57a2dd3ddc34c6826c1b1d6b6c495ec8bc28090999df99b0fe5ef,target contract/scenario/evaluation metadata,2026-05-26-initial-pack
targets/web/stayflow_concierge/tier_d/README.md,targets/web/stayflow_concierge/tier_d/README.md,974,e79bca42bb29b722ef9d2ca90f43d2100311d398e55e87d6f4e0044b1a8d9442,target contract/scenario/evaluation metadata,2026-05-26-initial-pack
targets/web/stayflow_concierge/tier_d/contract.dsl.yaml,targets/web/stayflow_concierge/tier_d/contract.dsl.yaml,45331,cb7793eaec61c51b20f6d92460cf33bc288808f4586795d30dd40a4f3557a1d5,target contract/scenario/evaluation metadata,2026-05-26-initial-pack
targets/web/stayflow_concierge/tier_d/reference_app/index.html,targets/web/stayflow_concierge/tier_d/reference_app/index.html,59821,710dbf19e94e14b4c4af4a57377742e5742ca2869c02b08ef710b04cfaf29909,reference implementation source,2026-05-26-initial-pack
targets/web/stayflow_concierge/tier_d/scenarios.private.dsl.yaml,targets/web/stayflow_concierge/tier_d/scenarios.private.dsl.yaml,16175,2052a3374b5358d42f3a1621f229215a8d39e2fea0bba91ca61bd61b1f413b13,target contract/scenario/evaluation metadata,2026-05-26-initial-pack
targets/web/stayflow_concierge/tier_d/scenarios.public.dsl.yaml,targets/web/stayflow_concierge/tier_d/scenarios.public.dsl.yaml,13039,79da48ecbe9f062bf53f73a44d25b25c9eb4ee0a4356358b9789c0d4c1c615a6,target contract/scenario/evaluation metadata,2026-05-26-initial-pack
tests/test_assertions.py,tests/test_assertions.py,16335,b7f23115307afd471415c9e59dcb8063580e2e6ee2dfcadbc07fed9602db4bb9,test suite for evaluator/compiler/scoring,2026-05-26-initial-pack
tests/test_dashboard.py,tests/test_dashboard.py,9558,4914f30e649e85cc02f88d640baacb7a3b8920dc4c07d5b908899b6f6c341cc4,test suite for evaluator/compiler/scoring,2026-05-26-initial-pack
tests/test_dsl_compiler.py,tests/test_dsl_compiler.py,127261,4bc64f431a41bf9dfb35146aa7fab92af64f64b88049ca47601d9b8a97d93281,test suite for evaluator/compiler/scoring,2026-05-26-initial-pack
tests/test_gallery.py,tests/test_gallery.py,5475,8891de50dd41e85edf58d4ed069f2a04e35d161efd32741f6f18d31a085ae6c9,test suite for evaluator/compiler/scoring,2026-05-26-initial-pack
tests/test_release_governance.py,tests/test_release_governance.py,5419,bb0181388ac78d94a80573d7181e75ab872c06608a4d662741ab1662dfb4b477,test suite for evaluator/compiler/scoring,2026-05-26-initial-pack
tests/test_scoring.py,tests/test_scoring.py,5176,75772badfcd81a2c6177555309ec4505b487ae3c74606982bca9ec5ecac15bc9,test suite for evaluator/compiler/scoring,2026-05-26-initial-pack
tools/audit_private_admissibility.py,tools/audit_private_admissibility.py,50220,9efdc29c65e52eb93c421a2a2abf449661fc40762fd957a9ad0f64b0aeaff211,reproduction and figure-generation scripts,2026-05-26-initial-pack
tools/build_conformweb_figure_pack.py,tools/build_conformweb_figure_pack.py,73949,3d2347786f404a4901b9f685328c2b407c296c41d84ff68cbe03e07ef27749b1,reproduction and figure-generation scripts,2026-05-26-initial-pack
tools/build_conformweb_pair_figure.py,tools/build_conformweb_pair_figure.py,25994,e217c24f3b5467ec27a3811f713024d2e89213947ae2eeaf689c99cf8851b068,reproduction and figure-generation scripts,2026-05-26-initial-pack
tools/build_conformweb_poster_asset_pack.py,tools/build_conformweb_poster_asset_pack.py,17738,702f9208894215271fbeafe2c34b062b5248ae03ef414cd33e46863470063120,reproduction and figure-generation scripts,2026-09-29-refresh
tools/build_main_model_experiment_table.py,tools/build_main_model_experiment_table.py,27168,e9d0971c42832e24011ee39790f103de7ed748635887ae17081d526ccca4b29b,reproduction and figure-generation scripts,2026-05-26-initial-pack
tools/build_paper_visualizations.py,tools/build_paper_visualizations.py,179132,e4ddffc835d1044a8592cc144f7ecea71ccf48c2b756e1de124c0014ae6e0967,reproduction and figure-generation scripts,2026-05-26-initial-pack
tools/export_conformweb_evidence_assets.py,tools/export_conformweb_evidence_assets.py,29443,f12ada10650e04ef08273b1eb55ef6e8772634fdb1eb6168257a8bca4f600df9,reproduction and figure-generation scripts,2026-05-26-initial-pack
tools/export_conformweb_figure_source_data.py,tools/export_conformweb_figure_source_data.py,29737,c101040e176f724f974280b8fe38f6bb6a6e980f281ec82887c505e26243b179,reproduction and figure-generation scripts,2026-05-26-initial-pack
tools/generate_blind_dsl_backend_app.py,tools/generate_blind_dsl_backend_app.py,13809,5413a9b4623efa14d9429285b828f5d9b4dc27338e4dfb024ffebaec49b2362b,reproduction and figure-generation scripts,2026-09-29-refresh
tools/generate_blind_dsl_static_app.py,tools/generate_blind_dsl_static_app.py,39730,2d095a1c40368f766016971a8bfd7ffed4301c71b80a7a6330f9bdb0cd299d81,reproduction and figure-generation scripts,2026-09-29-refresh
tools/package_conformweb_contracts.py,tools/package_conformweb_contracts.py,30185,7aae72e28f2b82af27989fa54ea0cba57eaadbf506439837810ea58153f35ed9,reproduction and figure-generation scripts,2026-05-26-initial-pack
tools/run_backend_backed_target_apps.py,tools/run_backend_backed_target_apps.py,44490,9afcbb6661c68c904f3b0559512d22d0ed547a5c3a6e6406656edc157b87e86a,reproduction and figure-generation scripts,2026-09-29-refresh
tools/run_campus_repeat_cohort.py,tools/run_campus_repeat_cohort.py,4358,5986200aefa0d14ffcc4754bc6c375ff573c8ac455cdf3d1955e476c440402e8,reproduction and figure-generation scripts,2026-05-26-initial-pack
tools/run_clinic_repeat_cohort.py,tools/run_clinic_repeat_cohort.py,8518,0bb32566e4d21f9a3a2f8bfa30be30f628bf7350d888fe38115630f75f3aa823,reproduction and figure-generation scripts,2026-05-26-initial-pack
tools/run_clinic_tier_b_repeat_cohort.py,tools/run_clinic_tier_b_repeat_cohort.py,11067,3d9d30674bf71a073a375d37f8d800d9477c83d3296ccae30098f14e8afee2d2,reproduction and figure-generation scripts,2026-05-26-initial-pack
tools/run_clinic_tier_c_repeat_cohort.py,tools/run_clinic_tier_c_repeat_cohort.py,12469,289f8fada0a7ada120e4f31210f094976ae012e12be0858a17b65872ed92e932,reproduction and figure-generation scripts,2026-05-26-initial-pack
tools/run_clinic_tier_d_repeat_cohort.py,tools/run_clinic_tier_d_repeat_cohort.py,13128,b163ebbc8b4f07c8c95d2fc4cd21a6e99258d2d33ba570244f24b776053e5084,reproduction and figure-generation scripts,2026-05-26-initial-pack
tools/run_freshcart_repeat_cohort.py,tools/run_freshcart_repeat_cohort.py,16735,167602c100e5ef7b338bc03cc7ba6957aea4fc5b67e1bea65df1f5e04934ab59,reproduction and figure-generation scripts,2026-05-26-initial-pack
tools/run_freshcart_tierc_repeat_cohort.py,tools/run_freshcart_tierc_repeat_cohort.py,18183,a8a726fca1aaeb3ec289ce92dd1a07e75516bf06351d2e62245b56512e6c23fc,reproduction and figure-generation scripts,2026-05-26-initial-pack
tools/run_freshcart_tierd_repeat_cohort.py,tools/run_freshcart_tierd_repeat_cohort.py,18534,1827b1750192761fa618155f31c34d7ef9dd7d117b27e34c31dddcbeef651cb4,reproduction and figure-generation scripts,2026-05-26-initial-pack
tools/run_homefix_repeat_cohort.py,tools/run_homefix_repeat_cohort.py,4577,11669d0d21e2d92bed3b8d1e3e46f89d890529b6655eb6a415c29b6e18f87372,reproduction and figure-generation scripts,2026-05-26-initial-pack
tools/run_media_repeat_cohort.py,tools/run_media_repeat_cohort.py,4235,e34a68866f0f0be1280413e8ba524ac89265981c4c595da581bf44eda786469c,reproduction and figure-generation scripts,2026-05-26-initial-pack
tools/run_missing_families_full_rerun.py,tools/run_missing_families_full_rerun.py,61705,244e5fc46c80a06943e4107363c3dd755136590e524409eedc1907d2dffca94d,reproduction and figure-generation scripts,2026-09-29-refresh
tools/run_stayflow_repeat_cohort.py,tools/run_stayflow_repeat_cohort.py,23438,990059c33a56bb0d94cf0e4cd13f2e0332a71053806ee794d09ccf9d28eb8d7f,reproduction and figure-generation scripts,2026-05-26-initial-pack
tools/run_tierb_m_repeat_cohort.py,tools/run_tierb_m_repeat_cohort.py,12678,a1e082578a0900f25a56f43b87b00f58de775e47673190e53a0182cb57bcf4d7,reproduction and figure-generation scripts,2026-05-26-initial-pack
tools/run_tierb_tf_repeat_cohort.py,tools/run_tierb_tf_repeat_cohort.py,14454,87b1ccd6997b10294e51755585c630fd53b472da5ddbcc95709e0979698e81b3,reproduction and figure-generation scripts,2026-05-26-initial-pack
tools/take_screenshots.py,tools/take_screenshots.py,3317,8fef94cd02e70e5cddcd99c6eba8d403991e813babf46ad5803dc7537933d2a1,reproduction and figure-generation scripts,2026-05-26-initial-pack
tools/update_completed_rerun_reports.py,tools/update_completed_rerun_reports.py,18052,9cb7b18ccff25c5a14a9233f17735561f486674a5440484ff4cf1f09e2798685,reproduction and figure-generation scripts,2026-05-26-initial-pack
validation_report.md,validation_report.md,2887,de57f4b7be905a342a2476d2577eaafe48ef034175d5ab514823d14c196dc9bd,project frontmatter / build metadata,2026-05-26-initial-pack
